project_name,type,sw_component,brief_nmb_elements,brief_nmb_not_covered,brief_nmb_covered,brief_pct_coverage,enum_vars_brief_nmb_elements,enum_vars_brief_nmb_not_covered,enum_vars_brief_nmb_covered,enum_vars_brief_pct_coverage,param_nmb_elements,param_nmb_not_covered,param_nmb_covered,param_pct_coverage,return_nmb_elements,return_nmb_not_covered,return_nmb_covered,return_pct_coverage,security_nmb_elements,security_nmb_not_covered,security_nmb_covered,security_pct_coverage,verification_criteria_nmb_elements,verification_criteria_nmb_not_covered,verification_criteria_nmb_covered,verification_criteria_pct_coverage,test_nmb_elements,test_nmb_not_covered,test_nmb_covered,test_pct_coverage,sdd_trace_nmb_elements,sdd_trace_nmb_not_covered,sdd_trace_nmb_covered,sdd_trace_pct_coverage,sdd_trace_details_nmb_fcts,sdd_trace_details_nmb_dds_fct,sdd_trace_details_pct_dd_fct,sdd_trace_details_nmb_req_fct,sdd_trace_details_pct_req_fct,sdd_linked_req_ids_nmb,sdd_linked_req_ids_list
SDDToolchain,Dev,ICAS,803,50,753,93.77,53,53,0,0.0,484,0,484,100.0,484,0,484,100.0,484,484,0,0.0,484,484,0,0.0,484,45,439,90.7,484,32,452,93.39,484,158,32.64,294,60.74,228,"""['SWR_ICAS1_L3_BAPH_DoorL_187', 'SWR_ICAS1_L3_BAPH_DoorL_808', 'SWR_ICAS1_L3_BAPH_DoorL_889', 'SWR_ICAS1_L3_BAPH_DoorL_891', 'SWR_ICAS1_L3_BAPH_DoorL_926', 'SWR_ICAS1_L3_BAPH_DoorL_1217', 'SWR_ICAS1_L3_BAPH_DoorL_1218', 'SWR_ICAS1_L3_BAPH_DoorL_1219', 'SWR_L3_CRoute_PSO_AP_463', 'SWR_ICAS1_L3_BAPH_DoorL_886', 'SWR_ICAS1_L3_BAPH_DoorL_1231', 'SWR_ICAS1_L3_BAPH_DoorL_902', 'SWR_ICAS1_L3_BAPH_DoorL_880', 'SWR_ICAS1_L3_BAPH_DoorL_997', 'SWR_ICAS1_L3_BAPH_DoorL_801', 'SWR_ICAS1_L3_BAPH_DoorL_864', 'SWR_ICAS1_L3_BAPH_DoorL_869', 'SWR_ICAS1_L3_BAPH_DoorL_871', 'SWR_ICAS1_L3_BAPH_DoorL_876', 'SWR_ICAS1_L3_BAPH_DoorL_483', 'SWR_ICAS1_L3_BAPH_DoorL_994', 'SWR_ICAS1_L3_BAPH_DoorL_894', 'SWR_ICAS1_L3_BAPH_DoorL_877', 'SWR_ICAS1_L3_BAPH_DoorL_1426', 'SWR_ICAS1_L3_BAPH_DoorL_768', 'SWR_ICAS1_L3_BAPH_DoorL_897', 'SWR_ICAS1_L3_BAPH_DoorL_898', 'SWR_ICAS1_L3_BAPH_DoorL_1444', 'SWR_ICAS1_L3_BAPH_DoorL_1490', 'SWR_ICAS1_L3_BAPH_DoorL_1491', 'SWR_ICAS1_L3_BAPH_DoorL_1494', 'SWR_ICAS1_L3_BAPH_DoorL_1495', 'SWR_ICAS1_L3_BAPH_DoorL_1496', 'SWR_ICAS1_L3_BAPH_DoorL_1497', 'SWR_ICAS1_L3_BAPH_DoorL_1498', 'SWR_ICAS1_L3_BAPH_DoorL_1213', 'SWR_ICAS1_L3_BAPH_DoorL_174', 'SWR_ICAS1_L3_BAPH_DoorL_172', 'SWR_ICAS1_L3_BAPH_DoorL_173', 'SWR_ICAS1_L3_BAPH_DoorL_1233', 'SWR_ICAS1_L3_BAPH_DoorL_338', 'SWR_ICAS1_L3_BAPH_DoorL_965', 'SWR_ICAS1_L3_BAPH_DoorL_390', 'SWR_ICAS1_L3_BAPH_DoorL_356', 'SWR_ICAS1_L3_BAPH_DoorL_359', 'SWR_ICAS1_L3_BAPH_DoorL_360', 'SWR_ICAS1_L3_BAPH_DoorL_364', 'SWR_ICAS1_L3_BAPH_DoorL_363', 'SWR_ICAS1_L3_BAPH_DoorL_362', 'SWR_ICAS1_L3_BAPH_DoorL_366', 'SWR_ICAS1_L3_BAPH_DoorL_373', 'SWR_ICAS1_L3_BAPH_DoorL_372', 'SWR_ICAS1_L3_BAPH_DoorL_371', 'SWR_ICAS1_L3_BAPH_DoorL_374', 'SWR_ICAS1_L3_BAPH_DoorL_375', 'SWR_ICAS1_L3_BAPH_DoorL_376', 'SWR_ICAS1_L3_BAPH_DoorL_380', 'SWR_ICAS1_L3_BAPH_DoorL_379', 'SWR_ICAS1_L3_BAPH_DoorL_378', 'SWR_ICAS1_L3_BAPH_DoorL_388', 'SWR_ICAS1_L3_BAPH_DoorL_387', 'SWR_ICAS1_L3_BAPH_DoorL_386', 'SWR_ICAS1_L3_BAPH_DoorL_385', 'SWR_ICAS1_L3_BAPH_DoorL_966', 'SWR_ICAS1_L3_BAPH_DoorL_1428', 'SWR_ICAS1_L3_BAPH_DoorL_1427', 'SWR_ICAS1_L3_BAPH_DoorL_337', 'SWR_ICAS1_L3_BAPH_DoorL_336', 'SWR_ICAS1_L3_BAPH_DoorL_346', 'SWR_ICAS1_L3_BAPH_DoorL_345', 'SWR_ICAS1_L3_BAPH_DoorL_351', 'SWR_ICAS1_L3_BAPH_DoorL_350', 'SWR_ICAS1_L3_BAPH_DoorL_349', 'SWR_ICAS1_L3_BAPH_DoorL_355', 'SWR_ICAS1_L3_BAPH_DoorL_368', 'SWR_ICAS1_L3_BAPH_DoorL_369', 'SWR_ICAS1_L3_BAPH_DoorL_370', 'SWR_ICAS1_L3_BAPH_DoorL_377', 'SWR_ICAS1_L3_BAPH_DoorL_1429', 'SWR_ICAS1_L3_BAPH_DoorL_188', 'SWR_ICAS1_L3_BAPH_DoorL_191', 'SWR_ICAS1_L3_BAPH_DoorL_192', 'SWR_ICAS1_L3_BAPH_DoorL_193', 'SWR_ICAS1_L3_BAPH_DoorL_195', 'SWR_ICAS1_L3_BAPH_DoorL_196', 'SWR_ICAS1_L3_BAPH_DoorL_197', 'SWR_ICAS1_L3_BAPH_DoorL_203', 'SWR_ICAS1_L3_BAPH_DoorL_1511', 'SWR_ICAS1_L3_BAPH_DoorL_199', 'SWR_ICAS1_L3_BAPH_DoorL_352', 'SWR_ICAS1_L3_BAPH_DoorL_407', 'SWR_ICAS1_L3_BAPH_DoorL_303', 'SWR_ICAS1_L3_BAPH_DoorL_304', 'SWR_ICAS1_L3_BAPH_DoorL_305', 'SWR_ICAS1_L3_BAPH_DoorL_306', 'SWR_ICAS1_L3_BAPH_DoorL_307', 'SWR_ICAS1_L3_BAPH_DoorL_308', 'SWR_ICAS1_L3_BAPH_DoorL_300', 'SWR_ICAS1_L3_BAPH_DoorL_301', 'SWR_ICAS1_L3_BAPH_DoorL_991', 'SWR_ICAS1_L3_BAPH_DoorL_613', 'SWR_ICAS1_L3_BAPH_DoorL_616', 'SWR_ICAS1_L3_BAPH_DoorL_620', 'SWR_ICAS1_L3_BAPH_DoorL_623', 'SWR_ICAS1_L3_BAPH_DoorL_626', 'SWR_ICAS1_L3_BAPH_DoorL_629', 'SWR_ICAS1_L3_BAPH_DoorL_353', 'SWR_ICAS1_L3_BAPH_DoorL_295', 'SWR_ICAS1_L3_BAPH_DoorL_294', 'SWR_ICAS1_L3_BAPH_DoorL_296', 'SWR_ICAS1_L3_BAPH_DoorL_297', 'SWR_ICAS1_L3_BAPH_DoorL_873', 'SWR_ICAS1_L3_BAPH_DoorL_874', 'SWR_ICAS1_L3_BAPH_DoorL_875', 'SWR_ICAS1_L3_BAPH_DoorL_641', 'SWR_ICAS1_L3_BAPH_DoorL_354', 'SWR_ICAS1_L3_BAPH_DoorL_227', 'SWR_ICAS1_L3_BAPH_DoorL_228', 'SWR_ICAS1_L3_BAPH_DoorL_229', 'SWR_ICAS1_L3_BAPH_DoorL_230', 'SWR_ICAS1_L3_BAPH_DoorL_231', 'SWR_ICAS1_L3_BAPH_DoorL_882', 'SWR_ICAS1_L3_BAPH_DoorL_1143', 'SWR_ICAS1_L3_BAPH_DoorL_1147', 'SWR_ICAS1_L3_BAPH_DoorL_1148', 'SWR_ICAS1_L3_BAPH_DoorL_1002', 'SWR_ICAS1_L3_BAPH_DoorL_1141', 'SWR_ICAS1_L3_BAPH_DoorL_357', 'SWR_ICAS1_L3_BAPH_DoorL_219', 'SWR_ICAS1_L3_BAPH_DoorL_220', 'SWR_ICAS1_L3_BAPH_DoorL_531', 'SWR_ICAS1_L3_BAPH_DoorL_332', 'SWR_ICAS1_L3_BAPH_DoorL_358', 'SWR_ICAS1_L3_BAPH_DoorL_314', 'SWR_ICAS1_L3_BAPH_DoorL_311', 'SWR_ICAS1_L3_BAPH_DoorL_312', 'SWR_ICAS1_L3_BAPH_DoorL_1005', 'SWR_ICAS1_L3_BAPH_DoorL_525', 'SWR_ICAS1_L3_BAPH_DoorL_365', 'SWR_ICAS1_L3_BAPH_DoorL_263', 'SWR_ICAS1_L3_BAPH_DoorL_264', 'SWR_ICAS1_L3_BAPH_DoorL_603', 'SWR_ICAS1_L3_BAPH_DoorL_476', 'SWR_ICAS1_L3_BAPH_DoorL_992', 'SWR_ICAS1_L3_BAPH_DoorL_479', 'SWR_ICAS1_L3_BAPH_DoorL_993', 'SWR_ICAS1_L3_BAPH_DoorL_475', 'SWR_ICAS1_L3_BAPH_DoorL_952', 'SWR_ICAS1_L3_BAPH_DoorL_987', 'SWR_ICAS1_L3_BAPH_DoorL_477', 'SWR_ICAS1_L3_BAPH_DoorL_478', 'SWR_ICAS1_L3_BAPH_DoorL_481', 'SWR_ICAS1_L3_BAPH_DoorL_958', 'SWR_ICAS1_L3_BAPH_DoorL_962', 'SWR_ICAS1_L3_BAPH_DoorL_963', 'SWR_ICAS1_L3_BAPH_DoorL_964', 'SWR_ICAS1_L3_BAPH_DoorL_271', 'SWR_ICAS1_L3_BAPH_DoorL_272', 'SWR_ICAS1_L3_BAPH_DoorL_273', 'SWR_ICAS1_L3_BAPH_DoorL_274', 'SWR_ICAS1_L3_BAPH_DoorL_275', 'SWR_ICAS1_L3_BAPH_DoorL_276', 'SWR_ICAS1_L3_BAPH_DoorL_277', 'SWR_ICAS1_L3_BAPH_DoorL_278', 'SWR_ICAS1_L3_BAPH_DoorL_279', 'SWR_ICAS1_L3_BAPH_DoorL_280', 'SWR_ICAS1_L3_BAPH_DoorL_281', 'SWR_ICAS1_L3_BAPH_DoorL_282', 'SWR_ICAS1_L3_BAPH_DoorL_283', 'SWR_ICAS1_L3_BAPH_DoorL_284', 'SWR_ICAS1_L3_BAPH_DoorL_285', 'SWR_ICAS1_L3_BAPH_DoorL_286', 'SWR_ICAS1_L3_BAPH_DoorL_287', 'SWR_ICAS1_L3_BAPH_DoorL_288', 'SWR_ICAS1_L3_BAPH_DoorL_1008', 'SWR_ICAS1_L3_BAPH_DoorL_1011', 'SWR_ICAS1_L3_BAPH_DoorL_381', 'SWR_ICAS1_L3_BAPH_DoorL_399', 'SWR_ICAS1_L3_BAPH_DoorL_644', 'SWR_ICAS1_L3_BAPH_DoorL_382', 'SWR_ICAS1_L3_BAPH_DoorL_244', 'SWR_ICAS1_L3_BAPH_DoorL_245', 'SWR_ICAS1_L3_BAPH_DoorL_246', 'SWR_ICAS1_L3_BAPH_DoorL_247', 'SWR_ICAS1_L3_BAPH_DoorL_248', 'SWR_ICAS1_L3_BAPH_DoorL_1013', 'SWR_ICAS1_L3_BAPH_DoorL_648', 'SWR_ICAS1_L3_BAPH_DoorL_1422', 'SWR_ICAS1_L3_BAPH_DoorL_384', 'SWR_ICAS1_L3_BAPH_DoorL_251', 'SWR_ICAS1_L3_BAPH_DoorL_408', 'SWR_ICAS1_L3_BAPH_DoorL_409', 'SWR_ICAS1_L3_BAPH_DoorL_410', 'SWR_ICAS1_L3_BAPH_DoorL_411', 'SWR_ICAS1_L3_BAPH_DoorL_252', 'SWR_ICAS1_L3_BAPH_DoorL_253', 'SWR_ICAS1_L3_BAPH_DoorL_254', 'SWR_ICAS1_L3_BAPH_DoorL_750', 'SWR_ICAS1_L3_BAPH_DoorL_753', 'SWR_ICAS1_L3_BAPH_DoorL_1014', 'SWR_ICAS1_L3_BAPH_DoorL_747', 'SWR_ICAS1_L3_BAPH_DoorL_759', 'SWR_ICAS1_L3_BAPH_DoorL_762', 'SWR_ICAS1_L3_BAPH_DoorL_765', 'SWR_ICAS1_L3_BAPH_DoorL_389', 'SWR_ICAS1_L3_BAPH_DoorL_1445', 'SWR_ICAS1_L3_BAPH_DoorL_1451', 'SWR_ICAS1_L3_BAPH_DoorL_1447', 'SWR_ICAS1_L3_BAPH_DoorL_1448', 'SWR_ICAS1_L3_BAPH_DoorL_1446', 'SWR_ICAS1_L3_BAPH_DoorL_1210', 'SWR_ICAS1_L3_BAPH_DoorL_893', 'SWR_L3_CRoute_PSO_AP_335', 'SWR_ICAS1_L3_BAPH_DoorL_927', 'SWR_ICAS1_L3_BAPH_DoorL_928', 'SWR_ICAS1_L3_BAPH_DoorL_929', 'SWR_ICAS1_L3_BAPH_DoorL_176', 'SWR_L3_CRoute_PSO_AP_464', 'SWR_L3_CRoute_PSO_AP_135', 'SWR_ICAS1_L3_BAPH_DoorL_1423', 'SWR_ICAS1_L3_BAPH_DoorL_1424', 'SWR_ICAS1_L3_BAPH_DoorL_1425', 'SWR_L3_CRoute_PSO_AP_590', 'SWR_L3_CRoute_PSO_AP_449', 'SWR_ICAS1_L3_BAPH_DoorL_1232', 'SWR_ICAS1_L3_BAPH_DoorL_1206', 'SWR_ICAS1_L3_BAPH_DoorL_1212', 'SWR_ICAS1_L3_BAPH_DoorL_1209']"""
SDDToolchain,Dev,ICAS,608,49,559,91.94,80,76,4,5.0,354,0,354,100.0,354,0,354,100.0,354,354,0,0.0,354,354,0,0.0,354,10,344,97.18,354,6,348,98.31,354,127,35.88,221,62.43,199,"""['SWR_ICAS1_L3_BAPH_Extlight_784', 'SWR_ICAS1_L3_BAPH_Extlight_785', 'SWR_ICAS1_L3_BAPH_Extlight_791', 'SWR_ICAS1_L3_BAPH_Extlight_870', 'SWR_ICAS1_L3_BAPH_Extlight_1128', 'SWR_ICAS1_L3_BAPH_Extlight_1147', 'SWR_ICAS1_L3_BAPH_Extlight_1149', 'SWR_ICAS1_L3_BAPH_Extlight_209', 'SWR_ICAS1_L3_BAPH_Extlight_210', 'SWR_ICAS1_L3_BAPH_Extlight_211', 'SWR_ICAS1_L3_BAPH_Extlight_573', 'SWR_ICAS1_L3_BAPH_Extlight_574', 'SWR_ICAS1_L3_BAPH_Extlight_883', 'SWR_ICAS1_L3_BAPH_Extlight_1138', 'SWR_ICAS1_L3_BAPH_Extlight_222', 'SWR_ICAS1_L3_BAPH_Extlight_223', 'SWR_ICAS1_L3_BAPH_Extlight_576', 'SWR_ICAS1_L3_BAPH_Extlight_577', 'SWR_ICAS1_L3_BAPH_Extlight_578', 'SWR_ICAS1_L3_BAPH_Extlight_892', 'SWR_ICAS1_L3_BAPH_Extlight_893', 'SWR_ICAS1_L3_BAPH_Extlight_896', 'SWR_ICAS1_L3_BAPH_Extlight_897', 'SWR_ICAS1_L3_BAPH_Extlight_217', 'SWR_ICAS1_L3_BAPH_Extlight_218', 'SWR_ICAS1_L3_BAPH_Extlight_579', 'SWR_ICAS1_L3_BAPH_Extlight_580', 'SWR_ICAS1_L3_BAPH_Extlight_581', 'SWR_ICAS1_L3_BAPH_Extlight_902', 'SWR_ICAS1_L3_BAPH_Extlight_903', 'SWR_ICAS1_L3_BAPH_Extlight_906', 'SWR_ICAS1_L3_BAPH_Extlight_231', 'SWR_ICAS1_L3_BAPH_Extlight_232', 'SWR_ICAS1_L3_BAPH_Extlight_582', 'SWR_ICAS1_L3_BAPH_Extlight_911', 'SWR_ICAS1_L3_BAPH_Extlight_240', 'SWR_ICAS1_L3_BAPH_Extlight_241', 'SWR_ICAS1_L3_BAPH_Extlight_584', 'SWR_ICAS1_L3_BAPH_Extlight_587', 'SWR_ICAS1_L3_BAPH_Extlight_914', 'SWR_ICAS1_L3_BAPH_Extlight_922', 'SWR_ICAS1_L3_BAPH_Extlight_248', 'SWR_ICAS1_L3_BAPH_Extlight_249', 'SWR_ICAS1_L3_BAPH_Extlight_250', 'SWR_ICAS1_L3_BAPH_Extlight_255', 'SWR_ICAS1_L3_BAPH_Extlight_256', 'SWR_ICAS1_L3_BAPH_Extlight_585', 'SWR_ICAS1_L3_BAPH_Extlight_928', 'SWR_ICAS1_L3_BAPH_Extlight_261', 'SWR_ICAS1_L3_BAPH_Extlight_262', 'SWR_ICAS1_L3_BAPH_Extlight_586', 'SWR_ICAS1_L3_BAPH_Extlight_934', 'SWR_ICAS1_L3_BAPH_Extlight_267', 'SWR_ICAS1_L3_BAPH_Extlight_268', 'SWR_ICAS1_L3_BAPH_Extlight_599', 'SWR_ICAS1_L3_BAPH_Extlight_939', 'SWR_ICAS1_L3_BAPH_Extlight_275', 'SWR_ICAS1_L3_BAPH_Extlight_276', 'SWR_ICAS1_L3_BAPH_Extlight_277', 'SWR_ICAS1_L3_BAPH_Extlight_278', 'SWR_ICAS1_L3_BAPH_Extlight_600', 'SWR_ICAS1_L3_BAPH_Extlight_946', 'SWR_ICAS1_L3_BAPH_Extlight_290', 'SWR_ICAS1_L3_BAPH_Extlight_291', 'SWR_ICAS1_L3_BAPH_Extlight_601', 'SWR_ICAS1_L3_BAPH_Extlight_953', 'SWR_ICAS1_L3_BAPH_Extlight_806', 'SWR_ICAS1_L3_BAPH_Extlight_943', 'SWR_ICAS1_L3_BAPH_Extlight_957', 'SWR_ICAS1_L3_BAPH_Extlight_321', 'SWR_ICAS1_L3_BAPH_Extlight_322', 'SWR_ICAS1_L3_BAPH_Extlight_324', 'SWR_ICAS1_L3_BAPH_Extlight_328', 'SWR_ICAS1_L3_BAPH_Extlight_646', 'SWR_ICAS1_L3_BAPH_Extlight_992', 'SWR_ICAS1_L3_BAPH_Extlight_997', 'SWR_ICAS1_L3_BAPH_Extlight_330', 'SWR_ICAS1_L3_BAPH_Extlight_604', 'SWR_ICAS1_L3_BAPH_Extlight_993', 'SWR_ICAS1_L3_BAPH_Extlight_999', 'SWR_ICAS1_L3_BAPH_Extlight_739', 'SWR_ICAS1_L3_BAPH_Extlight_742', 'SWR_ICAS1_L3_BAPH_Extlight_743', 'SWR_ICAS1_L3_BAPH_Extlight_745', 'SWR_ICAS1_L3_BAPH_Extlight_1140', 'SWR_ICAS1_L3_BAPH_Extlight_711', 'SWR_ICAS1_L3_BAPH_Extlight_712', 'SWR_ICAS1_L3_BAPH_Extlight_713', 'SWR_ICAS1_L3_BAPH_Extlight_714', 'SWR_ICAS1_L3_BAPH_Extlight_715', 'SWR_ICAS1_L3_BAPH_Extlight_716', 'SWR_ICAS1_L3_BAPH_Extlight_717', 'SWR_ICAS1_L3_BAPH_Extlight_718', 'SWR_ICAS1_L3_BAPH_Extlight_295', 'SWR_ICAS1_L3_BAPH_Extlight_296', 'SWR_ICAS1_L3_BAPH_Extlight_719', 'SWR_ICAS1_L3_BAPH_Extlight_417', 'SWR_ICAS1_L3_BAPH_Extlight_373', 'SWR_ICAS1_L3_BAPH_Extlight_39', 'SWR_ICAS1_L3_BAPH_Extlight_169', 'SWR_ICAS1_L3_BAPH_Extlight_247', 'SWR_ICAS1_L3_BAPH_Extlight_376', 'SWR_ICAS1_L3_BAPH_Extlight_651', 'SWR_ICAS1_L3_BAPH_Extlight_1139', 'SWR_ICAS1_L3_BAPH_Extlight_384', 'SWR_ICAS1_L3_BAPH_Extlight_383', 'SWR_ICAS1_L3_BAPH_Extlight_382', 'SWR_ICAS1_L3_BAPH_Extlight_381', 'SWR_ICAS1_L3_BAPH_Extlight_379', 'SWR_ICAS1_L3_BAPH_Extlight_378', 'SWR_ICAS1_L3_BAPH_Extlight_386', 'SWR_ICAS1_L3_BAPH_Extlight_396', 'SWR_ICAS1_L3_BAPH_Extlight_395', 'SWR_ICAS1_L3_BAPH_Extlight_405', 'SWR_ICAS1_L3_BAPH_Extlight_406', 'SWR_ICAS1_L3_BAPH_Extlight_407', 'SWR_ICAS1_L3_BAPH_Extlight_408', 'SWR_ICAS1_L3_BAPH_Extlight_413', 'SWR_ICAS1_L3_BAPH_Extlight_652', 'SWR_ICAS1_L3_BAPH_Extlight_385', 'SWR_ICAS1_L3_BAPH_Extlight_394', 'SWR_ICAS1_L3_BAPH_Extlight_393', 'SWR_ICAS1_L3_BAPH_Extlight_392', 'SWR_ICAS1_L3_BAPH_Extlight_391', 'SWR_ICAS1_L3_BAPH_Extlight_390', 'SWR_ICAS1_L3_BAPH_Extlight_389', 'SWR_ICAS1_L3_BAPH_Extlight_388', 'SWR_ICAS1_L3_BAPH_Extlight_387', 'SWR_ICAS1_L3_BAPH_Extlight_404', 'SWR_ICAS1_L3_BAPH_Extlight_403', 'SWR_ICAS1_L3_BAPH_Extlight_402', 'SWR_ICAS1_L3_BAPH_Extlight_401', 'SWR_ICAS1_L3_BAPH_Extlight_400', 'SWR_ICAS1_L3_BAPH_Extlight_399', 'SWR_ICAS1_L3_BAPH_Extlight_398', 'SWR_ICAS1_L3_BAPH_Extlight_397', 'SWR_ICAS1_L3_BAPH_Extlight_1234', 'SWR_ICAS1_L3_BAPH_Extlight_414', 'SWR_ICAS1_L3_BAPH_Extlight_411', 'SWR_ICAS1_L3_BAPH_Extlight_412', 'SWR_ICAS1_L3_BAPH_Extlight_653', 'SWR_ICAS1_L3_BAPH_Extlight_366', 'SWR_ICAS1_L3_BAPH_Extlight_368', 'SWR_ICAS1_L3_BAPH_Extlight_369', 'SWR_ICAS1_L3_BAPH_Extlight_370', 'SWR_ICAS1_L3_BAPH_Extlight_371', 'SWR_ICAS1_L3_BAPH_Extlight_372', 'SWR_ICAS1_L3_BAPH_Extlight_367', 'SWR_ICAS1_L3_BAPH_Extlight_216', 'SWR_ICAS1_L3_BAPH_Extlight_215', 'SWR_ICAS1_L3_BAPH_Extlight_205', 'SWR_ICAS1_L3_BAPH_Extlight_206', 'SWR_ICAS1_L3_BAPH_Extlight_225', 'SWR_ICAS1_L3_BAPH_Extlight_226', 'SWR_ICAS1_L3_BAPH_Extlight_227', 'SWR_ICAS1_L3_BAPH_Extlight_228', 'SWR_ICAS1_L3_BAPH_Extlight_230', 'SWR_ICAS1_L3_BAPH_Extlight_238', 'SWR_ICAS1_L3_BAPH_Extlight_239', 'SWR_ICAS1_L3_BAPH_Extlight_865', 'SWR_ICAS1_L3_BAPH_Extlight_254', 'SWR_ICAS1_L3_BAPH_Extlight_260', 'SWR_ICAS1_L3_BAPH_Extlight_266', 'SWR_ICAS1_L3_BAPH_Extlight_274', 'SWR_ICAS1_L3_BAPH_Extlight_289', 'SWR_ICAS1_L3_BAPH_Extlight_327', 'SWR_ICAS1_L3_BAPH_Extlight_984', 'SWR_ICAS1_L3_BAPH_Extlight_985', 'SWR_ICAS1_L3_BAPH_Extlight_986', 'SWR_ICAS1_L3_BAPH_Extlight_987', 'SWR_ICAS1_L3_BAPH_Extlight_331', 'SWR_ICAS1_L3_BAPH_Extlight_988', 'SWR_ICAS1_L3_BAPH_Extlight_989', 'SWR_ICAS1_L3_BAPH_Extlight_990', 'SWR_ICAS1_L3_BAPH_Extlight_991', 'SWR_ICAS1_L3_BAPH_Extlight_738', 'SWR_ICAS1_L3_BAPH_Extlight_737', 'SWR_ICAS1_L3_BAPH_Extlight_734', 'SWR_ICAS1_L3_BAPH_Extlight_735', 'SWR_ICAS1_L3_BAPH_Extlight_736', 'SWR_ICAS1_L3_BAPH_Extlight_1196', 'SWR_ICAS1_L3_BAPH_Extlight_1197', 'SWR_ICAS1_L3_BAPH_Extlight_1146', 'SWR_ICAS1_L3_BAPH_Extlight_795', 'SWR_ICAS1_L3_BAPH_Extlight_804', 'SWR_ICAS1_L3_BAPH_Extlight_805', 'SWR_ICAS1_L3_BAPH_Extlight_787', 'SWR_ICAS1_L3_BAPH_Extlight_788', 'SWR_ICAS1_L3_BAPH_Extlight_789', 'SWR_ICAS1_L3_BAPH_Extlight_1235', 'SWR_ICAS1_L3_BAPH_Extlight_1237', 'SWR_ICAS1_L3_BAPH_Extlight_1238', 'SWR_ICAS1_L3_BAPH_Extlight_1239', 'SWR_ICAS1_L3_BAPH_Extlight_786', 'SWR_ICAS1_L3_BAPH_Extlight_1142', 'SWR_ICAS1_L3_BAPH_Extlight_168', 'SWR_ICAS1_L3_BAPH_Extlight_1145', 'SWR_ICAS1_L3_BAPH_Extlight_1143', 'SWR_ICAS1_L3_BAPH_Extlight_1144']"""
SDDToolchain,Dev,ICAS,104,1,103,99.04,17,0,17,100.0,35,0,35,100.0,35,0,35,100.0,35,35,0,0.0,35,35,0,0.0,35,35,0,0.0,35,1,34,97.14,35,13,37.14,21,60.0,92,"""['SWR_ICAS1_L3_BAPH_IntLigh_276', 'SWR_ICAS1_L3_BAPH_IntLigh_278', 'SWR_ICAS1_L3_BAPH_IntLigh_279', 'SWR_ICAS1_L3_BAPH_IntLigh_277', 'SWR_ICAS1_L3_BAPH_IntLigh_369', 'SWR_ICAS1_L3_BAPH_IntLigh_370', 'SWR_ICAS1_L3_BAPH_IntLigh_371', 'SWR_L3_CRoute_PSO_AP_463', 'SWR_L3_CRoute_PSO_AP_449', 'SWR_L3_CRoute_PSO_AP_590', 'SWR_ICAS1_L3_BAPH_IntLigh_180', 'SWR_L3_CRoute_PSO_AP_335', 'SWR_ICAS1_L3_BAPH_IntLigh_181', 'SWR_ICAS1_L3_BAPH_IntLigh_271', 'SWR_ICAS1_L3_BAPH_IntLigh_106', 'SWR_ICAS1_L3_BAPH_IntLigh_182', 'SWR_ICAS1_L3_BAPH_IntLigh_183', 'SWR_ICAS1_L3_BAPH_IntLigh_274', 'SWR_ICAS1_L3_BAPH_IntLigh_280', 'SWR_L3_CBody_PSO_AP_465', 'SWR_ICAS1_L3_BAPH_IntLigh_74', 'SWR_L3_CRoute_PSO_AP_135', 'SWR_L3_CRoute_PSO_AP_464', 'SWR_ICAS1_L3_BAPH_IntLigh_71', 'SWR_ICAS1_L3_BAPH_IntLigh_94', 'SWR_ICAS1_L3_BAPH_IntLigh_368', 'SWR_ICAS1_L3_BAPH_IntLigh_273', 'SWR_ICAS1_L3_BAPH_IntLigh_125', 'SWR_ICAS1_L3_BAPH_IntLigh_127', 'SWR_ICAS1_L3_BAPH_IntLigh_133', 'SWR_ICAS1_L3_BAPH_IntLigh_135', 'SWR_ICAS1_L3_BAPH_IntLigh_136', 'SWR_ICAS1_L3_BAPH_IntLigh_137', 'SWR_ICAS1_L3_BAPH_IntLigh_138', 'SWR_ICAS1_L3_BAPH_IntLigh_139', 'SWR_ICAS1_L3_BAPH_IntLigh_140', 'SWR_ICAS1_L3_BAPH_IntLigh_141', 'SWR_ICAS1_L3_BAPH_IntLigh_142', 'SWR_ICAS1_L3_BAPH_IntLigh_143', 'SWR_ICAS1_L3_BAPH_IntLigh_144', 'SWR_ICAS1_L3_BAPH_IntLigh_145', 'SWR_ICAS1_L3_BAPH_IntLigh_146', 'SWR_ICAS1_L3_BAPH_IntLigh_147', 'SWR_ICAS1_L3_BAPH_IntLigh_148', 'SWR_ICAS1_L3_BAPH_IntLigh_149', 'SWR_ICAS1_L3_BAPH_IntLigh_150', 'SWR_ICAS1_L3_BAPH_IntLigh_151', 'SWR_ICAS1_L3_BAPH_IntLigh_152', 'SWR_ICAS1_L3_BAPH_IntLigh_153', 'SWR_ICAS1_L3_BAPH_IntLigh_154', 'SWR_ICAS1_L3_BAPH_IntLigh_155', 'SWR_ICAS1_L3_BAPH_IntLigh_156', 'SWR_ICAS1_L3_BAPH_IntLigh_157', 'SWR_ICAS1_L3_BAPH_IntLigh_158', 'SWR_ICAS1_L3_BAPH_IntLigh_159', 'SWR_ICAS1_L3_BAPH_IntLigh_160', 'SWR_ICAS1_L3_BAPH_IntLigh_161', 'SWR_ICAS1_L3_BAPH_IntLigh_162', 'SWR_ICAS1_L3_BAPH_IntLigh_163', 'SWR_ICAS1_L3_BAPH_IntLigh_164', 'SWR_ICAS1_L3_BAPH_IntLigh_165', 'SWR_ICAS1_L3_BAPH_IntLigh_166', 'SWR_ICAS1_L3_BAPH_IntLigh_168', 'SWR_ICAS1_L3_BAPH_IntLigh_169', 'SWR_ICAS1_L3_BAPH_IntLigh_170', 'SWR_ICAS1_L3_BAPH_IntLigh_128', 'SWR_ICAS1_L3_BAPH_IntLigh_126', 'SWR_ICAS1_L3_BAPH_IntLigh_129', 'SWR_ICAS1_L3_BAPH_IntLigh_130', 'SWR_ICAS1_L3_BAPH_IntLigh_131', 'SWR_ICAS1_L3_BAPH_IntLigh_132', 'SWR_ICAS1_L3_BAPH_IntLigh_134', 'SWR_ICAS1_L3_BAPH_IntLigh_175', 'SWR_ICAS1_L3_BAPH_IntLigh_189', 'SWR_ICAS1_L3_BAPH_IntLigh_87', 'SWR_ICAS1_L3_BAPH_IntLigh_72', 'SWR_ICAS1_L3_BAPH_IntLigh_88', 'SWR_ICAS1_L3_BAPH_IntLigh_39', 'SWR_ICAS1_L3_BAPH_IntLigh_91', 'SWR_ICAS1_L3_BAPH_IntLigh_283', 'SWR_ICAS1_L3_BAPH_IntLigh_184', 'SWR_ICAS1_L3_BAPH_IntLigh_185', 'SWR_ICAS1_L3_BAPH_IntLigh_111', 'SWR_ICAS1_L3_BAPH_IntLigh_178', 'SWR_ICAS1_L3_BAPH_IntLigh_179', 'SWR_ICAS1_L3_BAPH_IntLigh_281', 'SWR_ICAS1_L3_BAPH_IntLigh_272', 'SWR_ICAS1_L3_BAPH_IntLigh_105', 'SWR_ICAS1_L3_BAPH_IntLigh_121', 'SWR_ICAS1_L3_BAPH_IntLigh_90', 'SWR_ICAS1_L3_BAPH_IntLigh_108', 'SWR_ICAS1_L3_BAPH_IntLigh_372']"""
SDDToolchain,Dev,ICAS,113,1,112,99.12,17,0,17,100.0,36,0,36,100.0,36,0,36,100.0,36,36,0,0.0,36,36,0,0.0,36,0,36,100.0,36,1,35,97.22,36,14,38.89,21,58.33,92,"""['SWR_ICAS1_L3_BAPH_IntLigh_276', 'SWR_ICAS1_L3_BAPH_IntLigh_278', 'SWR_ICAS1_L3_BAPH_IntLigh_279', 'SWR_ICAS1_L3_BAPH_IntLigh_277', 'SWR_ICAS1_L3_BAPH_IntLigh_369', 'SWR_ICAS1_L3_BAPH_IntLigh_370', 'SWR_ICAS1_L3_BAPH_IntLigh_371', 'SWR_L3_CRoute_PSO_AP_463', 'SWR_L3_CRoute_PSO_AP_449', 'SWR_L3_CRoute_PSO_AP_590', 'SWR_ICAS1_L3_BAPH_IntLigh_180', 'SWR_L3_CRoute_PSO_AP_335', 'SWR_ICAS1_L3_BAPH_IntLigh_181', 'SWR_ICAS1_L3_BAPH_IntLigh_271', 'SWR_ICAS1_L3_BAPH_IntLigh_106', 'SWR_ICAS1_L3_BAPH_IntLigh_182', 'SWR_ICAS1_L3_BAPH_IntLigh_183', 'SWR_ICAS1_L3_BAPH_IntLigh_274', 'SWR_ICAS1_L3_BAPH_IntLigh_280', 'SWR_L3_CBody_PSO_AP_465', 'SWR_ICAS1_L3_BAPH_IntLigh_74', 'SWR_L3_CRoute_PSO_AP_135', 'SWR_L3_CRoute_PSO_AP_464', 'SWR_ICAS1_L3_BAPH_IntLigh_71', 'SWR_ICAS1_L3_BAPH_IntLigh_94', 'SWR_ICAS1_L3_BAPH_IntLigh_368', 'SWR_ICAS1_L3_BAPH_IntLigh_273', 'SWR_ICAS1_L3_BAPH_IntLigh_125', 'SWR_ICAS1_L3_BAPH_IntLigh_127', 'SWR_ICAS1_L3_BAPH_IntLigh_133', 'SWR_ICAS1_L3_BAPH_IntLigh_135', 'SWR_ICAS1_L3_BAPH_IntLigh_136', 'SWR_ICAS1_L3_BAPH_IntLigh_137', 'SWR_ICAS1_L3_BAPH_IntLigh_138', 'SWR_ICAS1_L3_BAPH_IntLigh_139', 'SWR_ICAS1_L3_BAPH_IntLigh_140', 'SWR_ICAS1_L3_BAPH_IntLigh_141', 'SWR_ICAS1_L3_BAPH_IntLigh_142', 'SWR_ICAS1_L3_BAPH_IntLigh_143', 'SWR_ICAS1_L3_BAPH_IntLigh_144', 'SWR_ICAS1_L3_BAPH_IntLigh_145', 'SWR_ICAS1_L3_BAPH_IntLigh_146', 'SWR_ICAS1_L3_BAPH_IntLigh_147', 'SWR_ICAS1_L3_BAPH_IntLigh_148', 'SWR_ICAS1_L3_BAPH_IntLigh_149', 'SWR_ICAS1_L3_BAPH_IntLigh_150', 'SWR_ICAS1_L3_BAPH_IntLigh_151', 'SWR_ICAS1_L3_BAPH_IntLigh_152', 'SWR_ICAS1_L3_BAPH_IntLigh_153', 'SWR_ICAS1_L3_BAPH_IntLigh_154', 'SWR_ICAS1_L3_BAPH_IntLigh_155', 'SWR_ICAS1_L3_BAPH_IntLigh_156', 'SWR_ICAS1_L3_BAPH_IntLigh_157', 'SWR_ICAS1_L3_BAPH_IntLigh_158', 'SWR_ICAS1_L3_BAPH_IntLigh_159', 'SWR_ICAS1_L3_BAPH_IntLigh_160', 'SWR_ICAS1_L3_BAPH_IntLigh_161', 'SWR_ICAS1_L3_BAPH_IntLigh_162', 'SWR_ICAS1_L3_BAPH_IntLigh_163', 'SWR_ICAS1_L3_BAPH_IntLigh_164', 'SWR_ICAS1_L3_BAPH_IntLigh_165', 'SWR_ICAS1_L3_BAPH_IntLigh_166', 'SWR_ICAS1_L3_BAPH_IntLigh_168', 'SWR_ICAS1_L3_BAPH_IntLigh_169', 'SWR_ICAS1_L3_BAPH_IntLigh_170', 'SWR_ICAS1_L3_BAPH_IntLigh_128', 'SWR_ICAS1_L3_BAPH_IntLigh_126', 'SWR_ICAS1_L3_BAPH_IntLigh_129', 'SWR_ICAS1_L3_BAPH_IntLigh_130', 'SWR_ICAS1_L3_BAPH_IntLigh_131', 'SWR_ICAS1_L3_BAPH_IntLigh_132', 'SWR_ICAS1_L3_BAPH_IntLigh_134', 'SWR_ICAS1_L3_BAPH_IntLigh_175', 'SWR_ICAS1_L3_BAPH_IntLigh_189', 'SWR_ICAS1_L3_BAPH_IntLigh_87', 'SWR_ICAS1_L3_BAPH_IntLigh_72', 'SWR_ICAS1_L3_BAPH_IntLigh_88', 'SWR_ICAS1_L3_BAPH_IntLigh_39', 'SWR_ICAS1_L3_BAPH_IntLigh_91', 'SWR_ICAS1_L3_BAPH_IntLigh_283', 'SWR_ICAS1_L3_BAPH_IntLigh_184', 'SWR_ICAS1_L3_BAPH_IntLigh_185', 'SWR_ICAS1_L3_BAPH_IntLigh_111', 'SWR_ICAS1_L3_BAPH_IntLigh_178', 'SWR_ICAS1_L3_BAPH_IntLigh_179', 'SWR_ICAS1_L3_BAPH_IntLigh_281', 'SWR_ICAS1_L3_BAPH_IntLigh_272', 'SWR_ICAS1_L3_BAPH_IntLigh_105', 'SWR_ICAS1_L3_BAPH_IntLigh_121', 'SWR_ICAS1_L3_BAPH_IntLigh_90', 'SWR_ICAS1_L3_BAPH_IntLigh_108', 'SWR_ICAS1_L3_BAPH_IntLigh_372']"""
SDDToolchain,Dev,ICAS,343,102,241,70.26,73,16,57,78.08,166,0,166,100.0,166,89,77,46.39,166,99,67,40.36,166,166,0,0.0,166,99,67,40.36,166,99,67,40.36,166,44,26.51,23,13.86,32,"""['SWR_L3_CBody_PSO_AP_564', 'SWR_L3_CBody_PSO_AP_566', 'SWR_L3_CBody_PSO_AP_583', 'SWR_L3_CBody_PSO_AP_587', 'SWR_L3_CBody_PSO_AP_585', 'SWR_ICAS1_L3_BAPH_Mirror_393', 'SWR_ICAS1_L3_BAPH_Extlight_1239', 'SWR_ICAS1_L3_BAPH_DoorL_1426', 'SWR_ICAS1_L3_BAPH_IntLigh_372', '', 'SWR_L3_CBody_PSO_AP_559', 'SWR_L3_CBody_PSO_AP_554', 'SWR_L3_CBody_PSO_AP_95', 'SWR_L3_CBody_PSO_AP_484', 'SWR_L3_CBody_PSO_AP_485', 'SWR_L3_CBody_PSO_AP_486', 'SWR_L3_CBody_PSO_AP_490', 'SWR_L3_CBody_PSO_AP_593', 'SWR_L3_CBody_PSO_AP_588', 'SWR_L3_CBody_PSO_AP_465', 'SWR_L3_CBody_PSO_AP_462', 'SWR_L3_CBody_PSO_AP_536', 'SWR_L3_CBody_PSO_AP_538', 'SWR_L3_CBody_PSO_AP_540', 'SWR_L3_CBody_PSO_AP_541', 'SWR_L3_CBody_PSO_AP_543', 'SWR_L3_CBody_PSO_AP_545', 'SWR_L3_CBody_PSO_AP_546', 'SWR_L3_CBody_PSO_AP_547', 'SWR_L3_CBody_PSO_AP_548', 'SWR_L3_CBody_PSO_AP_549', 'SWR_L3_CBody_PSO_AP_550']"""
SDDToolchain,Dev,ICAS,277,1,276,99.64,73,0,73,100.0,100,0,100,100.0,100,3,97,97.0,100,3,97,97.0,100,100,0,0.0,100,4,96,96.0,100,2,98,98.0,100,69,69.0,29,29.0,27,"""['SWR_L3_CRoute_PSO_AP_564', '', 'SWR_L3_CRoute_PSO_AP_559', 'SWR_L3_CRoute_PSO_AP_554', 'SWR_L3_CRoute_PSO_AP_484', 'SWR_L3_CRoute_PSO_AP_485', 'SWR_L3_CRoute_PSO_AP_486', 'SWR_L3_CRoute_PSO_AP_490', 'SWR_L3_CRoute_PSO_AP_593', 'SWR_L3_CRoute_PSO_AP_465', 'SWR_L3_CRoute_PSO_AP_462', 'SWR_L3_CRoute_PSO_AP_536', 'SWR_L3_CRoute_PSO_AP_546', 'SWR_L3_CRoute_PSO_AP_535', 'SWR_L3_CRoute_PSO_AP_537', 'SWR_L3_CRoute_PSO_AP_539', 'SWR_L3_CRoute_PSO_AP_542', 'SWR_L3_CRoute_PSO_AP_544', 'SWR_L3_CRoute_PSO_AP_534', 'SWR_L3_CRoute_PSO_AP_547', 'SWR_L3_CRoute_PSO_AP_587', 'SWR_L3_CRoute_PSO_AP_585', 'SWR_ICAS1_L3_BAPH_Mirror_393', 'SWR_ICAS1_L3_BAPH_Extlight_1239', 'SWR_ICAS1_L3_BAPH_DoorL_1426', 'SWR_ICAS1_L3_BAPH_IntLigh_372', 'SWR_L3_CRoute_PSO_AP_95']"""
SDDToolchain,Dev,ICAS,7735,5701,2034,26.3,4,0,4,100.0,2032,0,2032,100.0,2032,164,1868,91.93,2032,1931,101,4.97,2032,2032,0,0.0,2032,2020,12,0.59,2032,1938,94,4.63,2032,2,0.1,92,4.53,16,"""['SWR_ICAS1_GW_3830', 'SWR_ICAS1_GW_3787', 'SWR_ICAS1_GW_3726', 'SWR_ICAS1_GW_3702', '', 'SWR_L3_CRoute_Comserv_1050', 'SWR_L3_CRoute_Comserv_1053', 'SWR_L3_CRoute_Comserv_1345', 'SWR_L3_CRoute_Comserv_1190', 'SWR_L3_CRoute_Comserv_1192', 'SWR_L3_CRoute_Comserv_1193', 'SWR_L3_CRoute_Comserv_1194', 'SWR_L3_CRoute_Comserv_1326', 'SWR_L3_CRoute_Comserv_1047', 'SWR_L3_CRoute_Comserv_1102', 'SWR_L3_CRoute_Comserv_1346']"""
SDDToolchain,Dev,ICAS,49,0,49,100.0,0,0,0,100.0,27,0,27,100.0,27,0,27,100.0,27,0,27,100.0,27,27,0,0.0,27,1,26,96.3,27,4,23,85.19,27,0,0.0,23,85.19,16,"""['SWR_L3_CRoute_Comserv_1483', 'SWR_L3_CRoute_Comserv_1477', 'SWR_L3_CRoute_Comserv_1478', 'SWR_L3_CRoute_Comserv_1481', 'SWR_L3_CRoute_Comserv_1484', 'SWR_L3_CRoute_Comserv_1485', 'SWR_L3_CRoute_Comserv_1488', 'SWR_L3_CRoute_Comserv_1476', 'SWR_L3_CRoute_Comserv_1487', 'SWR_L3_CRoute_Comserv_1350', 'SWR_L3_CRoute_Comserv_1482', 'SWR_L3_CRoute_Comserv_1253', 'SWR_L3_CRoute_Comserv_1258', 'SWR_L3_CRoute_Comserv_1261', 'SWR_L3_CRoute_Comserv_1352', 'SWR_L3_CRoute_Comserv_1480']"""
SDDToolchain,Dev,ICAS,92,23,69,75.0,0,0,0,100.0,25,0,25,100.0,25,3,22,88.0,25,25,0,0.0,25,25,0,0.0,25,25,0,0.0,25,20,5,20.0,25,0,0.0,5,20.0,14,"""['SWR_ICAS1_L3_CRoute_Distance_166', 'SWR_ICAS1_L3_CRoute_Distance_167', 'SWR_ICAS1_L3_CRoute_Distance_134', 'SWR_ICAS1_L3_CRoute_Distance_156', 'SWR_ICAS1_L3_CRoute_Distance_155', 'SWR_ICAS1_L3_CRoute_Distance_135', 'SWR_ICAS1_L3_CRoute_Distance_152', 'SWR_ICAS1_L3_CRoute_Distance_157', 'SWR_ICAS1_L3_CRoute_Distance_171', 'SWR_ICAS1_L3_CRoute_Distance_172', 'SWR_ICAS1_L3_CRoute_Distance_175', 'SWR_ICAS1_L3_CRoute_Distance_176', 'SWR_ICAS1_L3_CRoute_Distance_179', 'SWR_ICAS1_L3_CRoute_Distance_181']"""
SDDToolchain,Dev,ICAS,102,3,99,97.06,21,6,15,71.43,50,0,50,100.0,50,0,50,100.0,50,1,49,98.0,50,50,0,0.0,50,1,49,98.0,50,5,45,90.0,50,21,42.0,24,48.0,19,"""['SWR_ICAS1_L3_DWA_1477', 'SWR_ICAS1_L3_DWA_1698', 'SWR_ICAS1_L3_DWA_1700', 'SWR_ICAS1_L3_DWA_1699', 'SWR_ICAS1_L3_DWA_1696', 'SWR_ICAS1_L3_DWA_1672', 'SWR_ICAS1_L3_DWA_1480', 'SWR_ICAS1_L3_DWA_1499', '', 'SWR_ICAS1_L3_DWA_1510', 'SWR_ICAS1_L3_DWA_1709', 'SWR_ICAS1_L3_DWA_1708', 'SWR_ICAS1_L3_DWA_1466', 'SWR_ICAS1_L3_DWA_1490', 'SWR_ICAS1_L3_DWA_707', 'SWR_ICAS1_L3_DWA_709', 'SWR_ICAS1_L3_DWA_1540', 'SWR_ICAS1_L3_DWA_1710', 'SWR_ICAS1_L3_DWA_1531']"""
SDDToolchain,Dev,ICAS,114,12,102,89.47,15,0,15,100.0,65,0,65,100.0,65,12,53,81.54,65,65,0,0.0,65,65,0,0.0,65,65,0,0.0,65,28,37,56.92,65,29,44.62,8,12.31,7,"""['SWR_ICAS1_L3_DWA_1700', 'SWR_ICAS1_L3_DWA_1598', 'SWR_ICAS1_L3_DWA_1699', 'SWR_ICAS1_L3_DWA_1689', 'SWR_ICAS1_L3_DWA_1540', '', 'SWR_ICAS1_L3_DWA_1531']"""
SDDToolchain,Dev,ICAS,215,11,204,94.88,15,0,15,100.0,66,1,65,98.48,66,0,66,100.0,66,66,0,0.0,66,66,0,0.0,66,66,0,0.0,66,4,62,93.94,66,1,1.52,61,92.42,17,"""['SWR_ICAS1_L3_ZV_1183', '', 'SWR_ICAS1_GW_20878', 'SWR_ICAS1_GW_20879', 'SWR_ICAS1_GW_20851', 'SWR_ICAS1_GW_20852', 'SWR_ICAS1_L3_DWA_1602', 'SWR_ICAS1_GW_20888', 'SWR_ICAS1_GW_20887', 'SWR_ICAS1_GW_20886', 'SWR_ICAS1_GW_20877', 'SWR_ICAS1_GW_20883', 'SWR_ICAS1_L3_DK4_599', 'SWR_ICAS1_GW_20882', 'SWR_ICAS1_GW_20876', 'SWR_ICAS1_GW_20885', 'SWR_ICAS1_GW_20884']"""
SDDToolchain,Dev,ICAS,43,7,36,83.72,0,0,0,100.0,22,1,21,95.45,22,2,20,90.91,22,22,0,0.0,22,22,0,0.0,22,22,0,0.0,22,18,4,18.18,22,0,0.0,4,18.18,6,"""['SWR_ICAS1_L3_AlcoLock_77', '', 'SWR_ICAS1_L3_AlcoLock_140', 'SWR_ICAS1_L3_AlcoLock_74', 'SWR_ICAS1_L3_AlcoLock_135', 'SWR_ICAS1_L3_AlcoLock_136']"""
SDDToolchain,Dev,ICAS,43,7,36,83.72,0,0,0,100.0,22,1,21,95.45,22,2,20,90.91,22,22,0,0.0,22,22,0,0.0,22,22,0,0.0,22,18,4,18.18,22,0,0.0,4,18.18,6,"""['SWR_ICAS1_L3_AlcoLock_77', '', 'SWR_ICAS1_L3_AlcoLock_140', 'SWR_ICAS1_L3_AlcoLock_74', 'SWR_ICAS1_L3_AlcoLock_135', 'SWR_ICAS1_L3_AlcoLock_136']"""
SDDToolchain,Dev,ICAS,473,158,315,66.6,0,0,0,100.0,364,4,360,98.9,364,10,354,97.25,364,364,0,0.0,364,364,0,0.0,364,155,209,57.42,364,159,205,56.32,364,187,51.37,18,4.95,14,"""['SWR_L3_CRoute_MDK_Integration_122', 'SWR_L3_CRoute_MDK_Integration_120', 'SWR_L3_CRoute_MDK_Integration_113', 'SWR_L3_CRoute_MDK_Integration_119', 'SWR_L3_CRoute_MDK_Integration_121', 'SWR_L3_CRoute_MDK_Integration_130', 'SWR_L3_CRoute_MDK_Integration_131', 'SWR_L3_CRoute_MDK_Integration_132', 'SWR_L3_CRoute_MDK_Integration_133', 'SWR_L3_CRoute_MDK_Integration_134', 'SWR_L3_CRoute_MDK_Integration_135', 'SWR_ICAS1_GW_11669', 'SWR_L3_CRoute_MDK_Integration_74', 'SWR_L3_CRoute_MDK_Integration_79']"""
SDDToolchain,Dev,ICAS,321,66,255,79.44,0,0,0,100.0,132,8,124,93.94,132,1,131,99.24,132,132,0,0.0,132,132,0,0.0,132,103,29,21.97,132,79,53,40.15,132,0,0.0,53,40.15,39,"""['SWR_ICAS1_L3_WFS_507', 'SWR_ICAS1_L3_WFS_504', 'SWR_ICAS1_L3_WFS_437', 'SWR_ICAS1_L3_WFS_530', 'SWR_ICAS1_L3_WFS_524', 'SWR_ICAS1_L3_WFS_522', 'SWR_ICAS1_L3_WFS_523', 'SWR_ICAS1_L3_WFS_508', 'SWR_ICAS1_L3_WFS_512', 'SWR_ICAS1_L3_WFS_514', 'SWR_ICAS1_L3_WFS_521', 'SWR_ICAS1_L3_WFS_510', 'SWR_ICAS1_L3_WFS_519', 'SWR_ICAS1_L3_WFS_509', 'SWR_ICAS1_L3_WFS_520', 'SWR_ICAS1_L3_WFS_518', 'SWR_ICAS1_L3_WFS_516', 'SWR_ICAS1_L3_WFS_515', 'SWR_ICAS1_L3_WFS_513', 'SWR_ICAS1_L3_WFS_511', 'SWR_ICAS1_L3_WFS_517', 'SWR_ICAS1_L3_WFS_525', 'SWR_ICAS1_L3_WFS_526', 'SWR_ICAS1_L3_WFS_527', 'SWR_ICAS1_L3_WFS_528', 'SWR_ICAS1_L3_WFS_506', 'SWR_ICAS1_L3_WFS_505', 'SWR_ICAS1_L3_WFS_529', 'SWR_ICAS1_L3_WFS_531', 'SWR_ICAS1_L3_WFS_125', 'SWR_ICAS1_L3_WFS_127', 'SWR_ICAS1_L3_WFS_129', 'SWR_ICAS1_L3_WFS_330', 'SWR_ICAS1_L3_WFS_120', 'SWR_ICAS1_L3_WFS_117', 'SWR_ICAS1_L3_WFS_114', 'SWR_ICAS1_L3_WFS_113', 'SWR_ICAS1_L3_WFS_154', 'SWR_ICAS1_L3_WFS_469']"""
SDDToolchain,Dev,ICAS,38,2,36,94.74,0,0,0,100.0,14,0,14,100.0,14,0,14,100.0,14,14,0,0.0,14,14,0,0.0,14,2,12,85.71,14,2,12,85.71,14,6,42.86,6,42.86,11,"""['SWR_ICAS1_L3_ORU_SG_298', '', 'SWR_ICAS1_L3_ORU_SG_316', 'SWR_ICAS1_L3_ORU_SG_311', 'SWR_ICAS1_L3_ORU_SG_312', 'SWR_ICAS1_L3_ORU_SG_313', 'SWR_ICAS1_L3_ORU_SG_303', 'SWR_ICAS1_L3_ORU_SG_314', 'SWR_ICAS1_L3_ORU_SG_163', 'SWR_ICAS1_L3_ORU_SG_98', 'SWR_ICAS1_L3_ORU_SG_100']"""
SDDToolchain,Dev,ICAS,24,5,19,79.17,0,0,0,100.0,14,0,14,100.0,14,0,14,100.0,14,14,0,0.0,14,14,0,0.0,14,5,9,64.29,14,5,9,64.29,14,0,0.0,9,64.29,5,"""['SWR_ICAS1_L3_ORU_SG_34', '', 'SWR_ICAS1_L3_ORU_SG_123', 'SWR_ICAS1_L3_ORU_SG_124', 'SWR_ICAS1_L3_ORU_SG_351']"""
SDDToolchain,Dev,ICAS,95,24,71,74.74,0,0,0,100.0,74,0,74,100.0,74,18,56,75.68,74,74,0,0.0,74,74,0,0.0,74,27,47,63.51,74,23,51,68.92,74,5,6.76,46,62.16,13,"""['SWR_ICAS1_L3_ORU_SG_299', '', 'SWR_ICAS1_L3_ORU_SG_300', 'SWR_ICAS1_L3_ORU_SG_154', 'SWR_ICAS1_L3_ORU_SG_155', 'SWR_ICAS1_L3_ORU_SG_156', 'SWR_ICAS1_L3_ORU_SG_157', 'SWR_ICAS1_L3_ORU_SG_158', 'SWR_ICAS1_L3_ORU_SG_159', 'SWR_ICAS1_L3_ORU_SG_289', 'SWR_ICAS1_L3_ORU_SG_290', 'SWR_ICAS1_L3_ORU_SG_166', 'SWR_ICAS1_L3_ORU_SG_167']"""
SDDToolchain,Dev,ICAS,352,298,54,15.34,0,0,0,100.0,66,7,59,89.39,66,25,41,62.12,66,66,0,0.0,66,66,0,0.0,66,66,0,0.0,66,59,7,10.61,66,0,0.0,7,10.61,4,"""['SWR_ICAS1_L3_RWB_108', 'SWR_ICAS1_L3_RWB_140', 'SWR_ICAS1_L3_RWB_105', 'SWR_ICAS1_L3_RWB_98']"""
SDDToolchain,Dev,ICAS,62,1,61,98.39,0,0,0,100.0,40,4,36,90.0,40,1,39,97.5,40,40,0,0.0,40,40,0,0.0,40,40,0,0.0,40,6,34,85.0,40,7,17.5,27,67.5,11,"""['SWR_L3_CRoute_USS_71', '', 'SWR_L3_CRoute_USS_172', 'SWR_ICAS1_GW_2927', 'SWR_L3_CRoute_USS_221', 'SWR_L3_CRoute_USS_171', 'SWR_L3_CRoute_USS_156', 'SWR_L3_CRoute_USS_167', 'SWR_L3_CRoute_USS_157', 'SWR_ICAS1_GW_2341', 'SWR_ICAS1_GW_21710']"""
SDDToolchain,Dev,ICAS,214,1,213,99.53,3,3,0,0.0,70,1,69,98.57,70,1,69,98.57,70,70,0,0.0,70,70,0,0.0,70,10,60,85.71,70,2,68,97.14,70,29,41.43,39,55.71,87,"""['SWR_L3_CRoute_VLC_258', '', 'SWR_L3_CRoute_VLC_605', 'SWR_L3_CRoute_VLC_679', 'SWR_L3_CRoute_VLC_955', 'SWR_L3_CRoute_VLC_965', 'SWR_L3_CRoute_VLC_1220', 'SWR_L3_CRoute_VLC_1723', 'SWR_L3_CRoute_VLC_1364', 'SWR_L3_CRoute_VLC_1707', 'SWR_L3_CRoute_VLC_1708', 'SWR_L3_CRoute_VLC_1634', 'SWR_L3_CRoute_VLC_1450', 'SWR_L3_CRoute_VLC_1238', 'SWR_L3_CRoute_VLC_1429', 'SWR_L3_CRoute_VLC_1430', 'SWR_L3_CRoute_VLC_1432', 'SWR_L3_CRoute_VLC_1451', 'SWR_L3_CRoute_VLC_1439', 'SWR_L3_CRoute_VLC_1236', 'SWR_L3_CRoute_VLC_1614', 'SWR_L3_CRoute_VLC_1615', 'SWR_L3_CRoute_VLC_1016', 'SWR_L3_CRoute_VLC_1663', 'SWR_L3_CRoute_VLC_1664', 'SWR_L3_CRoute_VLC_1775', 'SWR_L3_CRoute_VLC_1666', 'SWR_L3_CRoute_VLC_1667', 'SWR_L3_CRoute_VLC_1247', 'SWR_L3_CRoute_VLC_1721', 'SWR_L3_CRoute_VLC_1722', 'SWR_L3_CRoute_VLC_1706', 'SWR_L3_CRoute_VLC_1449', 'SWR_L3_CRoute_VLC_1242', 'SWR_L3_CRoute_VLC_1784', 'SWR_L3_CRoute_VLC_1785', 'SWR_L3_CRoute_VLC_1786', 'SWR_L3_CRoute_VLC_1777', 'SWR_L3_CRoute_VLC_1778', 'SWR_L3_CRoute_VLC_1779', 'SWR_L3_CRoute_VLC_1728', 'SWR_L3_CRoute_VLC_1709', 'SWR_L3_CRoute_VLC_1710', 'SWR_L3_CRoute_VLC_1714', 'SWR_L3_CRoute_VLC_1715', 'SWR_L3_CRoute_VLC_1716', 'SWR_L3_CRoute_VLC_1643', 'SWR_L3_CRoute_VLC_1363', 'SWR_L3_CRoute_VLC_1635', 'SWR_L3_CRoute_VLC_1365', 'SWR_L3_CRoute_VLC_344', 'SWR_L3_CRoute_VLC_867', 'SWR_L3_CRoute_VLC_864', 'SWR_L3_CRoute_VLC_1240', 'SWR_L3_CRoute_VLC_859', 'SWR_L3_CRoute_VLC_1372', 'SWR_L3_CRoute_VLC_345', 'SWR_L3_CRoute_VLC_1452', 'SWR_L3_CRoute_VLC_351', 'SWR_L3_CRoute_VLC_1788', 'SWR_L3_CRoute_VLC_1789', 'SWR_L3_CRoute_VLC_1790', 'SWR_L3_CRoute_VLC_1791', 'SWR_L3_CRoute_VLC_915', 'SWR_L3_CRoute_VLC_1781', 'SWR_L3_CRoute_VLC_1797', 'SWR_L3_CRoute_VLC_1349', 'SWR_L3_CRoute_VLC_1804', 'SWR_L3_CRoute_VLC_1800', 'SWR_L3_CRoute_VLC_1799', 'SWR_L3_CRoute_VLC_1801', 'SWR_L3_CRoute_VLC_1792', 'SWR_L3_CRoute_VLC_1703', 'SWR_L3_CRoute_VLC_1764', 'SWR_L3_CRoute_VLC_1765', 'SWR_L3_CRoute_VLC_1780', 'SWR_L3_CRoute_VLC_1366', 'SWR_L3_CRoute_VLC_1767', 'SWR_L3_CRoute_VLC_1769', 'SWR_L3_CRoute_VLC_1472', 'SWR_L3_CRoute_VLC_1473', 'SWR_L3_CRoute_VLC_1493', 'SWR_L3_CRoute_VLC_1403', 'SWR_ICAS1_GW_3300', 'SWR_ICAS1_GW_3302', 'SWR_ICAS1_GW_21495', 'SWR_ICAS1_GW_21496']"""
SDDToolchain,Dev,ICAS,533,94,439,82.36,0,0,0,100.0,290,2,288,99.31,290,3,287,98.97,290,46,244,84.14,290,290,0,0.0,290,52,238,82.07,290,60,230,79.31,290,181,62.41,49,16.9,35,"""['SWR_ICAS1_L3_WFS_151', 'SWR_L3_CRoute_DKY_949', 'SWR_L3_CRoute_DKY_948', 'SWR_L3_CRoute_DKY_950', 'SWR_ICAS1_L3_WFS_507', 'SWR_ICAS1_L3_WFS_504', 'SWR_ICAS1_L3_WFS_437', 'SWR_ICAS1_L3_WFS_530', 'SWR_ICAS1_L3_WFS_524', 'SWR_ICAS1_L3_WFS_522', 'SWR_ICAS1_L3_WFS_523', 'SWR_ICAS1_L3_WFS_508', 'SWR_ICAS1_L3_WFS_512', 'SWR_ICAS1_L3_WFS_514', 'SWR_ICAS1_L3_WFS_521', 'SWR_ICAS1_L3_WFS_510', 'SWR_ICAS1_L3_WFS_519', 'SWR_ICAS1_L3_WFS_509', 'SWR_ICAS1_L3_WFS_520', 'SWR_ICAS1_L3_WFS_518', 'SWR_ICAS1_L3_WFS_516', 'SWR_ICAS1_L3_WFS_515', 'SWR_ICAS1_L3_WFS_513', 'SWR_ICAS1_L3_WFS_511', 'SWR_ICAS1_L3_WFS_517', 'SWR_ICAS1_L3_WFS_525', 'SWR_ICAS1_L3_WFS_526', 'SWR_ICAS1_L3_WFS_527', 'SWR_ICAS1_L3_WFS_528', 'SWR_ICAS1_L3_WFS_506', 'SWR_ICAS1_L3_WFS_505', 'SWR_ICAS1_L3_WFS_529', 'SWR_ICAS1_L3_WFS_531', 'SWR_ICAS1_L3_WFS_127', 'SWR_ICAS1_L3_WFS_120']"""
SDDToolchain,Dev,ICAS,321,66,255,79.44,0,0,0,100.0,132,8,124,93.94,132,1,131,99.24,132,132,0,0.0,132,132,0,0.0,132,103,29,21.97,132,79,53,40.15,132,0,0.0,53,40.15,39,"""['SWR_ICAS1_L3_WFS_507', 'SWR_ICAS1_L3_WFS_504', 'SWR_ICAS1_L3_WFS_437', 'SWR_ICAS1_L3_WFS_530', 'SWR_ICAS1_L3_WFS_524', 'SWR_ICAS1_L3_WFS_522', 'SWR_ICAS1_L3_WFS_523', 'SWR_ICAS1_L3_WFS_508', 'SWR_ICAS1_L3_WFS_512', 'SWR_ICAS1_L3_WFS_514', 'SWR_ICAS1_L3_WFS_521', 'SWR_ICAS1_L3_WFS_510', 'SWR_ICAS1_L3_WFS_519', 'SWR_ICAS1_L3_WFS_509', 'SWR_ICAS1_L3_WFS_520', 'SWR_ICAS1_L3_WFS_518', 'SWR_ICAS1_L3_WFS_516', 'SWR_ICAS1_L3_WFS_515', 'SWR_ICAS1_L3_WFS_513', 'SWR_ICAS1_L3_WFS_511', 'SWR_ICAS1_L3_WFS_517', 'SWR_ICAS1_L3_WFS_525', 'SWR_ICAS1_L3_WFS_526', 'SWR_ICAS1_L3_WFS_527', 'SWR_ICAS1_L3_WFS_528', 'SWR_ICAS1_L3_WFS_506', 'SWR_ICAS1_L3_WFS_505', 'SWR_ICAS1_L3_WFS_529', 'SWR_ICAS1_L3_WFS_531', 'SWR_ICAS1_L3_WFS_129', 'SWR_ICAS1_L3_WFS_125', 'SWR_ICAS1_L3_WFS_127', 'SWR_ICAS1_L3_WFS_330', 'SWR_ICAS1_L3_WFS_120', 'SWR_ICAS1_L3_WFS_117', 'SWR_ICAS1_L3_WFS_114', 'SWR_ICAS1_L3_WFS_113', 'SWR_ICAS1_L3_WFS_154', 'SWR_ICAS1_L3_WFS_469']"""
SDDToolchain,Dev,ICAS,170,1,169,99.41,0,0,0,100.0,75,2,73,97.33,75,12,63,84.0,75,75,0,0.0,75,75,0,0.0,75,18,57,76.0,75,18,57,76.0,75,26,34.67,31,41.33,85,"""['SWR_ICAS1_L3_CRY_324', 'SWR_ICAS1_L3_CRY_325', 'SWR_ICAS1_L3_CRY_328', 'SWR_ICAS1_L3_CRY_329', 'SWR_ICAS1_L3_CRY_636', 'SWR_ICAS1_L3_CRY_725', 'SWR_ICAS1_L3_CRY_554', 'SWR_ICAS1_L3_CRY_409', 'SWR_ICAS1_L3_CRY_539', 'SWR_ICAS1_L3_CRY_401', 'SWR_ICAS1_L3_CRY_544', 'SWR_ICAS1_L3_CRY_542', 'SWR_ICAS1_L3_CRY_545', 'SWR_ICAS1_L3_CRY_549', 'SWR_ICAS1_L3_CRY_550', 'SWR_ICAS1_L3_CRY_551', 'SWR_ICAS1_L3_CRY_553', 'SWR_ICAS1_L3_CRY_938', 'SWR_ICAS1_L3_CRY_610', 'SWR_ICAS1_L3_CRY_613', 'SWR_ICAS1_L3_CRY_414', 'SWR_ICAS1_L3_CRY_555', 'SWR_ICAS1_L3_CRY_605', 'SWR_ICAS1_L3_CRY_405', 'SWR_ICAS1_L3_CRY_406', 'SWR_ICAS1_L3_CRY_407', 'SWR_ICAS1_L3_CRY_408', 'SWR_ICAS1_L3_CRY_608', 'SWR_ICAS1_L3_CRY_538', 'SWR_ICAS1_L3_CRY_541', 'SWR_ICAS1_L3_CRY_931', 'SWR_ICAS1_L3_CRY_583', 'SWR_ICAS1_L3_CRY_584', 'SWR_ICAS1_L3_CRY_397', 'SWR_ICAS1_L3_CRY_398', 'SWR_ICAS1_L3_CRY_399', 'SWR_ICAS1_L3_CRY_400', 'SWR_ICAS1_L3_CRY_558', 'SWR_ICAS1_L3_CRY_339', 'SWR_ICAS1_L3_CRY_330', 'SWR_ICAS1_L3_CRY_702', 'SWR_ICAS1_L3_CRY_388', 'SWR_ICAS1_L3_CRY_431', 'SWR_ICAS1_L3_CRY_432', 'SWR_ICAS1_L3_CRY_433', 'SWR_ICAS1_L3_CRY_434', 'SWR_ICAS1_L3_CRY_435', 'SWR_ICAS1_L3_CRY_716', 'SWR_ICAS1_L3_CRY_717', 'SWR_ICAS1_L3_CRY_719', 'SWR_ICAS1_L3_CRY_720', 'SWR_ICAS1_L3_CRY_721', 'SWR_ICAS1_L3_CRY_344', 'SWR_ICAS1_L3_CRY_511', 'SWR_ICAS1_L3_CRY_429', 'SWR_ICAS1_L3_CRY_441', 'SWR_ICAS1_L3_CRY_392', 'SWR_ICAS1_L3_CRY_733', 'SWR_ICAS1_L3_CRY_568', 'SWR_ICAS1_L3_CRY_332', 'SWR_ICAS1_L3_CRY_335', 'SWR_ICAS1_L3_CRY_336', 'SWR_ICAS1_L3_CRY_337', 'SWR_ICAS1_L3_CRY_338', 'SWR_ICAS1_L3_CRY_322', 'SWR_ICAS1_L3_CRY_521', 'SWR_ICAS1_L3_CRY_343', 'SWR_ICAS1_L3_CRY_346', 'SWR_ICAS1_L3_CRY_393', 'SWR_ICAS1_L3_CRY_533', 'SWR_ICAS1_L3_CRY_563', 'SWR_ICAS1_L3_CRY_691', 'SWR_ICAS1_L3_CRY_692', 'SWR_ICAS1_L3_CRY_693', 'SWR_ICAS1_L3_CRY_694', 'SWR_ICAS1_L3_CRY_704', 'SWR_ICAS1_L3_CRY_705', 'SWR_ICAS1_L3_CRY_707', 'SWR_ICAS1_L3_CRY_480', 'SWR_ICAS1_L3_CRY_381', 'SWR_ICAS1_L3_CRY_386', 'SWR_ICAS1_L3_CRY_389', 'SWR_ICAS1_L3_CRY_391', 'SWR_ICAS1_L3_CRY_735', 'SWR_ICAS1_L3_CRY_736']"""
SDDToolchain,Dev,ICAS,252,41,211,83.73,0,0,0,100.0,71,1,70,98.59,71,6,65,91.55,71,71,0,0.0,71,71,0,0.0,71,22,49,69.01,71,21,50,70.42,71,11,15.49,39,54.93,145,"""['SWR_L3_CRoute_FFB_300', 'SWR_L3_CRoute_FFB_217', 'SWR_L3_CRoute_FFB_216', 'SWR_L3_CRoute_FFB_219', 'SWR_L3_CRoute_FFB_301', 'SWR_L3_CRoute_FFB_268', 'SWR_L3_CRoute_FFB_226', 'SWR_L3_CRoute_FFB_245', 'SWR_L3_CRoute_FFB_162', 'SWR_L3_CRoute_FFB_150', 'SWR_L3_CRoute_FFB_160', 'SWR_L3_CRoute_FFB_670', 'SWR_L3_CRoute_FFB_687', 'SWR_L3_CRoute_FFB_690', 'SWR_L3_CRoute_FFB_688', 'SWR_L3_CRoute_FFB_691', 'SWR_L3_CRoute_FFB_161', 'SWR_L3_CRoute_FFB_157', 'SWR_L3_CRoute_FFB_156', 'SWR_L3_CRoute_FFB_155', 'SWR_L3_CRoute_FFB_205', 'SWR_L3_CRoute_FFB_208', 'SWR_L3_CRoute_FFB_354', 'SWR_L3_CRoute_FFB_215', 'SWR_L3_CRoute_FFB_218', 'SWR_L3_CRoute_FFB_114', 'SWR_L3_CRoute_FFB_115', 'SWR_L3_CRoute_FFB_207', 'SWR_L3_CRoute_FFB_214', 'SWR_L3_CRoute_FFB_181', 'SWR_L3_CRoute_FFB_182', 'SWR_ICAS1_GW_3262', 'SWR_ICAS1_GW_3267', 'SWR_ICAS1_GW_3271', 'SWR_ICAS1_GW_3275', 'SWR_ICAS1_GW_3279', 'SWR_ICAS1_GW_3283', 'SWR_ICAS1_GW_3287', 'SWR_ICAS1_GW_3291', 'SWR_L3_CRoute_FFB_256', 'SWR_L3_CRoute_FFB_255', 'SWR_L3_CRoute_FFB_246', 'SWR_L3_CRoute_FFB_671', 'SWR_L3_CRoute_FFB_675', 'SWR_L3_CRoute_FFB_676', 'SWR_L3_CRoute_FFB_677', 'SWR_L3_CRoute_FFB_686', 'SWR_L3_CRoute_FFB_689', 'SWR_L3_CRoute_FFB_247', 'SWR_L3_CRoute_FFB_251', 'SWR_L3_CRoute_FFB_253', 'SWR_L3_CRoute_FFB_252', 'SWR_L3_CRoute_FFB_172', 'SWR_L3_CRoute_FFB_178', 'SWR_L3_CRoute_FFB_184', 'SWR_L3_CRoute_FFB_684', 'SWR_L3_CRoute_FFB_685', 'SWR_L3_CRoute_FFB_716', 'SWR_L3_CRoute_FFB_717', 'SWR_L3_CRoute_FFB_718', 'SWR_L3_CRoute_FFB_719', 'SWR_L3_CRoute_FFB_250', 'SWR_L3_CRoute_FFB_254', 'SWR_L3_CRoute_FFB_297', 'SWR_L3_CRoute_FFB_206', 'SWR_L3_CRoute_FFB_211', 'SWR_L3_CRoute_FFB_324', 'SWR_L3_CRoute_FFB_406', 'SWR_L3_CRoute_FFB_407', 'SWR_L3_CRoute_FFB_408', 'SWR_L3_CRoute_FFB_259', 'SWR_L3_CRoute_FFB_287', 'SWR_L3_CRoute_FFB_288', 'SWR_L3_CRoute_FFB_228', 'SWR_L3_CRoute_FFB_283', 'SWR_L3_CRoute_FFB_275', 'SWR_L3_CRoute_FFB_327', 'SWR_L3_CRoute_FFB_481', 'SWR_L3_CRoute_FFB_464', 'SWR_L3_CRoute_FFB_174', 'SWR_L3_CRoute_FFB_273', 'SWR_L3_CRoute_FFB_289', 'SWR_L3_CRoute_FFB_263', 'SWR_L3_CRoute_FFB_272', 'SWR_L3_CRoute_FFB_260', 'SWR_L3_CRoute_FFB_291', 'SWR_L3_CRoute_FFB_779', 'SWR_L3_CRoute_FFB_192', 'SWR_L3_CRoute_FFB_361', 'SWR_L3_CRoute_FFB_284', 'SWR_L3_CRoute_FFB_285', 'SWR_L3_CRoute_FFB_293', 'SWR_L3_CRoute_FFB_414', 'SWR_L3_CRoute_FFB_457', 'SWR_L3_CRoute_FFB_458', 'SWR_L3_CRoute_FFB_427', 'SWR_L3_CRoute_FFB_465', 'SWR_L3_CRoute_FFB_317', 'SWR_L3_CRoute_FFB_318', 'SWR_L3_CRoute_FFB_315', 'SWR_L3_CRoute_FFB_434', 'SWR_L3_CRoute_FFB_328', 'SWR_L3_CRoute_FFB_346', 'SWR_L3_CRoute_FFB_347', 'SWR_L3_CRoute_FFB_451', 'SWR_L3_CRoute_FFB_412', 'SWR_L3_CRoute_FFB_467', 'SWR_L3_CRoute_FFB_478', 'SWR_L3_CRoute_FFB_459', 'SWR_L3_CRoute_FFB_117', 'SWR_ICAS1_GW_3263', 'SWR_ICAS1_GW_3268', 'SWR_ICAS1_GW_3272', 'SWR_ICAS1_GW_3276', 'SWR_ICAS1_GW_3280', 'SWR_ICAS1_GW_3284', 'SWR_ICAS1_GW_3288', 'SWR_ICAS1_GW_3292', 'SWR_L3_CRoute_FFB_118', '', 'SWR_L3_CRoute_FFB_132', 'SWR_L3_CRoute_FFB_479', 'SWR_L3_CRoute_FFB_482', 'SWR_L3_CRoute_FFB_520', 'SWR_L3_CRoute_FFB_413', 'SWR_L3_CRoute_FFB_321', 'SWR_L3_CRoute_FFB_323', 'SWR_L3_CRoute_FFB_329', 'SWR_L3_CRoute_FFB_322', 'SWR_L3_CRoute_FFB_118}', 'SWR_L3_CRoute_FFB_345', 'SWR_L3_CRoute_FFB_344', 'SWR_L3_CRoute_FFB_521', 'SWR_L3_CRoute_FFB_522', 'SWR_L3_CRoute_FFB_350', 'SWR_L3_CRoute_FFB_495', 'SWR_L3_CRoute_FFB_349', 'SWR_L3_CRoute_FFB_463', 'SWR_L3_CRoute_FFB_326', 'SWR_L3_CRoute_FFB_466', 'SWR_L3_CRoute_FFB_429', 'SWR_L3_CRoute_FFB_476', 'SWR_L3_CRoute_FFB_325', 'SWR_L3_CRoute_FFB_519', 'SWR_L3_CRoute_FFB_518']"""
SDDToolchain,Dev,ICAS,234,0,234,100.0,5,0,5,100.0,73,1,72,98.63,73,5,68,93.15,73,73,0,0.0,73,73,0,0.0,73,27,46,63.01,73,26,47,64.38,73,12,16.44,35,47.95,72,"""['SWR_L3_CRoute_UHF_217', 'SWR_L3_CRoute_UHF_175', 'SWR_L3_CRoute_UHF_216', 'SWR_L3_CRoute_UHF_174', 'SWR_L3_CRoute_UHF_192', 'SWR_L3_CRoute_UHF_193', 'SWR_L3_CRoute_UHF_96', 'SWR_L3_CRoute_UHF_100', 'SWR_L3_CRoute_UHF_102', 'SWR_L3_CRoute_UHF_101', 'SWR_L3_CRoute_UHF_129', 'SWR_L3_CRoute_UHF_213', 'SWR_L3_CRoute_UHF_126', 'SWR_L3_CRoute_UHF_178', 'SWR_L3_CRoute_UHF_238', 'SWR_L3_CRoute_UHF_179', 'SWR_L3_CRoute_UHF_208', 'SWR_L3_CRoute_UHF_209', 'SWR_L3_CRoute_UHF_203', 'SWR_L3_CRoute_UHF_98', 'SWR_L3_CRoute_UHF_205', 'SWR_L3_CRoute_UHF_189', 'SWR_L3_CRoute_UHF_229', 'SWR_L3_CRoute_UHF_186', 'SWR_L3_CRoute_UHF_113', 'SWR_L3_CRoute_UHF_136', 'SWR_L3_CRoute_UHF_315', 'SWR_L3_CRoute_UHF_148', 'SWR_L3_CRoute_UHF_212', 'SWR_L3_CRoute_UHF_151', 'SWR_L3_CRoute_UHF_182', 'SWR_L3_CRoute_UHF_150', 'SWR_L3_CRoute_UHF_271', 'SWR_L3_CRoute_UHF_183', 'SWR_L3_CRoute_UHF_184', 'SWR_L3_CRoute_UHF_152', 'SWR_L3_CRoute_UHF_187', 'SWR_L3_CRoute_UHF_215', 'SWR_L3_CRoute_UHF_123', 'SWR_L3_CRoute_UHF_245', 'SWR_L3_CRoute_UHF_105', 'SWR_L3_CRoute_UHF_107', 'SWR_L3_CRoute_UHF_108', 'SWR_L3_CRoute_UHF_109', 'SWR_L3_CRoute_UHF_111', 'SWR_L3_CRoute_UHF_337', 'SWR_L3_CRoute_UHF_379', 'SWR_L3_CRoute_UHF_335', 'SWR_L3_CRoute_UHF_327', 'SWR_L3_CRoute_UHF_371', 'SWR_L3_CRoute_UHF_372', 'SWR_L3_CRoute_UHF_330', 'SWR_L3_CRoute_UHF_331', 'SWR_L3_CRoute_UHF_332', 'SWR_L3_CRoute_UHF_333', 'SWR_L3_CRoute_UHF_334', 'SWR_L3_CRoute_UHF_353', 'SWR_L3_CRoute_UHF_351', 'SWR_L3_CRoute_UHF_338', 'SWR_L3_CRoute_UHF_339', 'SWR_L3_CRoute_UHF_340', 'SWR_L3_CRoute_UHF_341', 'SWR_L3_CRoute_UHF_342', 'SWR_L3_CRoute_UHF_345', 'SWR_L3_CRoute_UHF_343', 'SWR_L3_CRoute_UHF_344', 'SWR_L3_CRoute_UHF_369', 'SWR_L3_CRoute_UHF_370', 'SWR_L3_CRoute_UHF_380', 'SWR_L3_CRoute_UHF_326', 'SWR_L3_CRoute_UHF_172', 'SWR_L3_CRoute_UHF_347']"""
SDDToolchain,Dev,ICAS,27,0,27,100.0,0,0,0,100.0,13,8,5,38.46,13,0,13,100.0,13,13,0,0.0,13,13,0,0.0,13,13,0,0.0,13,5,8,61.54,13,6,46.15,2,15.38,3,"""['SWR_ICAS1_GW_22045', 'SWR_ICAS1_GW_9768', 'SWR_ICAS1_GW_9770']"""
SDDToolchain,Dev,ICAS,103,1,102,99.03,9,0,9,100.0,41,0,41,100.0,41,0,41,100.0,41,41,0,0.0,41,41,0,0.0,41,36,5,12.2,41,4,37,90.24,41,13,31.71,24,58.54,26,"""['SWR_ICAS1_L3_DWA_1668', 'SWR_ICAS1_L3_DWA_1505', 'SWR_ICAS1_L3_DWA_1282', 'SWR_ICAS1_L3_DWA_1284', 'SWR_ICAS1_L3_DWA_1285', 'SWR_ICAS1_L3_ZV_1489', 'SWR_ICAS1_L3_DWA_1286', 'SWR_ICAS1_L3_DWA_1287', 'SWR_ICAS1_L3_DWA_1274', 'SWR_ICAS1_L3_DWA_1275', 'SWR_ICAS1_L3_DWA_1276', 'SWR_ICAS1_L3_DWA_1277', 'SWR_ICAS1_L3_DWA_1279', 'SWR_ICAS1_L3_ZV_1491', 'SWR_ICAS1_L3_DWA_1594', 'SWR_ICAS1_L3_DWA_1448', 'SWR_ICAS1_L3_DWA_1436', 'SWR_ICAS1_L3_DWA_1440', 'SWR_ICAS1_L3_DWA_1446', 'SWR_ICAS1_L3_DWA_1449', 'SWR_ICAS1_L3_DWA_1442', 'SWR_ICAS1_L3_DWA_1680', 'SWR_ICAS1_GW_22045', 'SWR_ICAS1_GW_9768', 'SWR_ICAS1_GW_9770', 'SWR_ICAS1_L3_DWA_1600']"""
SDDToolchain,Dev,ICAS,59,29,30,50.85,0,0,0,100.0,28,0,28,100.0,28,9,19,67.86,28,28,0,0.0,28,28,0,0.0,28,28,0,0.0,28,19,9,32.14,28,0,0.0,9,32.14,3,"""['SWR_ICAS1_L3_KFT_224', 'SWR_ICAS1_GW_9769', '']"""
SDDToolchain,Dev,ICAS,40,0,40,100.0,0,0,0,100.0,15,0,15,100.0,15,0,15,100.0,15,15,0,0.0,15,15,0,0.0,15,8,7,46.67,15,4,11,73.33,15,8,53.33,3,20.0,4,"""['SWR_ICAS1_L3_KFT_224', 'SWR_ICAS1_GW_22045', 'SWR_ICAS1_GW_9768', 'SWR_ICAS1_GW_9770']"""
SDDToolchain,Dev,ICAS,56,3,53,94.64,8,7,1,12.5,27,0,27,100.0,27,0,27,100.0,27,27,0,0.0,27,27,0,0.0,27,27,0,0.0,27,5,22,81.48,27,9,33.33,13,48.15,12,"""['SWR_ICAS1_L3_KFT_308', 'SWR_ICAS1_L3_KFT_39', '', 'SWR_ICAS1_L3_KFT_294', 'SWR_ICAS1_L3_KFT_236', 'SWR_ICAS1_L3_KFT_240', 'SWR_ICAS1_L3_KFT_317', 'SWR_ICAS1_L3_ZV_1412', 'SWR_ICAS1_L3_KFT_319', 'SWR_ICAS1_GW_9768', 'SWR_ICAS1_GW_9770', 'SWR_ICAS1_GW_20015']"""
SDDToolchain,Dev,ICAS,56,3,53,94.64,8,7,1,12.5,27,0,27,100.0,27,0,27,100.0,27,27,0,0.0,27,27,0,0.0,27,27,0,0.0,27,5,22,81.48,27,9,33.33,13,48.15,12,"""['SWR_ICAS1_L3_KFT_308', 'SWR_ICAS1_L3_KFT_39', '', 'SWR_ICAS1_L3_KFT_294', 'SWR_ICAS1_L3_KFT_236', 'SWR_ICAS1_L3_KFT_240', 'SWR_ICAS1_L3_KFT_317', 'SWR_ICAS1_L3_ZV_1412', 'SWR_ICAS1_L3_KFT_319', 'SWR_ICAS1_GW_9768', 'SWR_ICAS1_GW_9770', 'SWR_ICAS1_GW_20015']"""
SDDToolchain,Dev,ICAS,36,0,36,100.0,0,0,0,100.0,17,0,17,100.0,17,0,17,100.0,17,17,0,0.0,17,17,0,0.0,17,17,0,0.0,17,5,12,70.59,17,10,58.82,2,11.76,3,"""['SWR_ICAS1_GW_9768', 'SWR_ICAS1_GW_9770', 'SWR_ICAS1_GW_22045']"""
SDDToolchain,Dev,ICAS,26,0,26,100.0,0,0,0,100.0,13,0,13,100.0,13,0,13,100.0,13,13,0,0.0,13,13,0,0.0,13,13,0,0.0,13,5,8,61.54,13,0,0.0,8,61.54,4,"""['SWR_ICAS1_GW_22050', 'SWR_ICAS1_GW_22051', 'SWR_ICAS1_GW_22052', 'SWR_ICAS1_GW_22045']"""
SDDToolchain,Dev,ICAS,58,0,58,100.0,0,0,0,100.0,20,9,11,55.0,20,0,20,100.0,20,20,0,0.0,20,20,0,0.0,20,20,0,0.0,20,6,14,70.0,20,8,40.0,6,30.0,7,"""['SWR_ICAS1_L3_ZV_1156', 'SWR_ICAS1_L3_ZV_1164', 'SWR_ICAS1_L3_ZV_1168', 'SWR_ICAS1_L3_ZV_1300', 'SWR_ICAS1_GW_20015', 'SWR_ICAS1_GW_9768', 'SWR_ICAS1_GW_9770']"""
SDDToolchain,Dev,ICAS,54,2,52,96.3,0,0,0,100.0,23,0,23,100.0,23,2,21,91.3,23,23,0,0.0,23,23,0,0.0,23,23,0,0.0,23,8,15,65.22,23,8,34.78,7,30.43,7,"""['SWR_ICAS1_L3_ZV_1156', 'SWR_ICAS1_L3_ZV_1164', 'SWR_ICAS1_L3_ZV_1168', 'SWR_ICAS1_L3_ZV_1300', 'SWR_ICAS1_GW_22045', 'SWR_ICAS1_GW_9768', 'SWR_ICAS1_GW_9770']"""
SDDToolchain,Dev,ICAS,161,3,158,98.14,16,12,4,25.0,78,0,78,100.0,78,0,78,100.0,78,4,74,94.87,78,78,0,0.0,78,6,72,92.31,78,6,72,92.31,78,9,11.54,63,80.77,50,"""['SWR_ICAS1_L3_ZV_1304', 'SWR_ICAS1_L3_ZV_1485', 'SWR_ICAS1_L3_ZV_1456', '', 'SWR_ICAS1_L3_ZV_852', 'SWR_ICAS1_L3_ZV_859', 'SWR_ICAS1_L3_ZV_862', 'SWR_ICAS1_L3_ZV_1022', 'SWR_ICAS1_L3_ZV_1012', 'SWR_ICAS1_L3_ZV_925', 'SWR_ICAS1_L3_ZV_1287', 'SWR_ICAS1_L3_ZV_926', 'SWR_ICAS1_L3_ZV_1289', 'SWR_ICAS1_L3_ZV_1098', 'SWR_ICAS1_L3_ZV_1073', 'SWR_ICAS1_L3_ZV_1481', 'SWR_ICAS1_L3_ZV_1477', 'SWR_ICAS1_L3_ZV_897', 'SWR_ICAS1_L3_ZV_1309', 'SWR_ICAS1_L3_ZV_1117', 'SWR_ICAS1_L3_ZV_45', 'SWR_ICAS1_L3_ZV_696', 'SWR_ICAS1_L3_ZV_693', 'SWR_ICAS1_L3_ZV_41', 'SWR_ICAS1_L3_ZV_43', 'SWR_ICAS1_L3_ZV_775', 'SWR_ICAS1_L3_ZV_397', 'SWR_ICAS1_L3_ZV_415', 'SWR_ICAS1_L3_ZV_1132', 'SWR_ICAS1_L3_ZV_810', 'SWR_ICAS1_L3_ZV_409', 'SWR_ICAS1_L3_ZV_394', 'SWR_ICAS1_L3_ZV_1100', 'SWR_ICAS1_L3_ZV_1120', 'SWR_ICAS1_L3_ZV_1146', 'SWR_ICAS1_L3_ZV_1147', 'SWR_ICAS1_L3_ZV_1020', 'SWR_ICAS1_L3_ZV_1084', 'SWR_ICAS1_L3_ZV_1081', 'SWR_ICAS1_L3_ZV_902', 'SWR_ICAS1_L3_ZV_1083', 'SWR_ICAS1_L3_ZV_1160', 'SWR_ICAS1_L3_ZV_1314', 'SWR_ICAS1_L3_ZV_1327', 'SWR_ICAS1_L3_ZV_1346', 'SWR_ICAS1_L3_ZV_1452', 'SWR_ICAS1_L3_ZV_1501', 'SWR_ICAS1_L3_ZV_1504', 'SWR_ICAS1_GW_20015', 'SWR_ICAS1_L3_ZV_1290']"""
SDDToolchain,Dev,ICAS,326,22,304,93.25,0,0,0,100.0,272,0,272,100.0,272,22,250,91.91,272,272,0,0.0,272,272,0,0.0,272,272,0,0.0,272,23,249,91.54,272,0,0.0,249,91.54,45,"""['SWR_ICAS1_GW_20797', 'SWR_ICAS1_GW_21205', 'SWR_ICAS1_GW_21207', 'SWR_ICAS1_GW_21208', 'SWR_ICAS1_GW_21209', 'SWR_ICAS1_GW_21210', 'SWR_ICAS1_GW_21211', 'SWR_ICAS1_GW_21212', 'SWR_ICAS1_GW_21213', 'SWR_ICAS1_GW_21214', 'SWR_ICAS1_GW_21215', 'SWR_ICAS1_GW_21206', 'SWR_ICAS1_GW_21216', 'SWR_ICAS1_GW_21217', 'SWR_ICAS1_GW_21218', 'SWR_ICAS1_GW_21219', 'SWR_ICAS1_GW_21220', 'SWR_ICAS1_GW_21221', 'SWR_ICAS1_GW_21222', 'SWR_ICAS1_GW_21223', 'SWR_ICAS1_GW_21224', 'SWR_ICAS1_GW_21171', 'SWR_ICAS1_GW_21172', 'SWR_ICAS1_GW_21173', 'SWR_ICAS1_GW_21174', 'SWR_ICAS1_GW_19947', 'SWR_ICAS1_GW_21198', 'SWR_ICAS1_GW_21199', 'SWR_ICAS1_GW_21200', 'SWR_ICAS1_GW_21201', 'SWR_ICAS1_GW_21202', 'SWR_ICAS1_GW_21203', 'SWR_ICAS1_GW_21204', 'SWR_ICAS1_GW_2582', 'SWR_ICAS1_GW_2584', 'SWR_ICAS1_GW_2587', 'SWR_ICAS1_GW_2589', 'SWR_ICAS1_GW_21197', 'SWR_ICAS1_GW_21195', 'SWR_ICAS1_GW_21196', 'SWR_ICAS1_L3_ZV_1180', 'SWR_ICAS1_GW_21225', 'SWR_ICAS1_GW_21227', 'SWR_ICAS1_GW_21226', 'SWR_ICAS1_L3_ZV_1183']"""
SDDToolchain,Dev,ICAS,849,21,828,97.53,0,0,0,100.0,289,0,289,100.0,289,21,268,92.73,289,289,0,0.0,289,289,0,0.0,289,288,1,0.35,289,21,268,92.73,289,1,0.35,267,92.39,63,"""['SWR_ICAS1_GW_20797', 'SWR_ICAS1_GW_21205', 'SWR_ICAS1_GW_21207', 'SWR_ICAS1_GW_21208', 'SWR_ICAS1_GW_21209', 'SWR_ICAS1_GW_21210', 'SWR_ICAS1_GW_21211', 'SWR_ICAS1_GW_21212', 'SWR_ICAS1_GW_21213', 'SWR_ICAS1_GW_21214', 'SWR_ICAS1_GW_21755', 'SWR_ICAS1_GW_22292', 'SWR_ICAS1_GW_21215', 'SWR_ICAS1_GW_21206', 'SWR_ICAS1_GW_21216', 'SWR_ICAS1_GW_21217', 'SWR_ICAS1_GW_21218', 'SWR_ICAS1_GW_21219', 'SWR_ICAS1_GW_21220', 'SWR_ICAS1_GW_21756', 'SWR_ICAS1_GW_22293', 'SWR_ICAS1_GW_21221', 'SWR_ICAS1_GW_21222', 'SWR_ICAS1_GW_21223', 'SWR_ICAS1_GW_21757', 'SWR_ICAS1_GW_22298', 'SWR_ICAS1_GW_21224', 'SWR_ICAS1_GW_21758', 'SWR_ICAS1_GW_22297', 'SWR_ICAS1_GW_21171', 'SWR_ICAS1_GW_21172', 'SWR_ICAS1_GW_21173', 'SWR_ICAS1_GW_21174', 'SWR_ICAS1_GW_19947', 'SWR_ICAS1_GW_21759', 'SWR_ICAS1_GW_22312', 'SWR_ICAS1_GW_21198', 'SWR_ICAS1_GW_21741', 'SWR_ICAS1_GW_22710', 'SWR_ICAS1_GW_21744', 'SWR_ICAS1_GW_21746', 'SWR_ICAS1_GW_21748', 'SWR_ICAS1_GW_21199', 'SWR_ICAS1_GW_21200', 'SWR_ICAS1_GW_21201', 'SWR_ICAS1_GW_21202', 'SWR_ICAS1_GW_21203', 'SWR_ICAS1_GW_21204', 'SWR_ICAS1_GW_21820', 'SWR_ICAS1_GW_21750', 'SWR_ICAS1_GW_21752', 'SWR_ICAS1_GW_21753', 'SWR_ICAS1_GW_21754', 'SWR_ICAS1_GW_21197', 'SWR_ICAS1_GW_21195', 'SWR_ICAS1_GW_21196', 'SWR_ICAS1_GW_21760', 'SWR_ICAS1_GW_21225', 'SWR_ICAS1_GW_21227', 'SWR_ICAS1_GW_21226', 'SWR_ICAS1_L3_ZV_1183', 'SWR_ICAS1_L3_ZV_1180', 'SWR_ICAS1_L3_DWA_1602']"""
SDDToolchain,Dev,ICAS,90,0,90,100.0,0,0,0,100.0,33,10,23,69.7,33,2,31,93.94,33,3,30,90.91,33,33,0,0.0,33,7,26,78.79,33,3,30,90.91,33,16,48.48,14,42.42,11,"""['SWR_ICAS1_L3_ZV_Light_234', 'SWR_ICAS1_L3_ZV_Light_73', 'SWR_ICAS1_L3_ZV_Light_43', 'SWR_ICAS1_L3_ZV_Light_76', 'SWR_ICAS1_L3_ZV_Light_134', 'SWR_ICAS1_L3_ZV_Light_97', 'SWR_ICAS1_L3_ZV_Light_74', 'SWR_ICAS1_L3_ZV_Light_131', '', 'SWR_ICAS1_L3_ZV_Light_85', 'SWR_ICAS1_L3_ZV_Light_227']"""
SDDToolchain,Dev,ICAS,28,0,28,100.0,0,0,0,100.0,14,0,14,100.0,14,0,14,100.0,14,0,14,100.0,14,14,0,0.0,14,0,14,100.0,14,0,14,100.0,14,2,14.29,12,85.71,2,"""['SWR_ICAS1_GW_21451', '']"""
SDDToolchain,Dev,ICAS,62,13,49,79.03,7,7,0,0.0,23,16,7,30.43,23,0,23,100.0,23,23,0,0.0,23,23,0,0.0,23,23,0,0.0,23,0,23,100.0,23,15,65.22,8,34.78,7,"""['SWR_ICAS1_GW_21448', '', 'SWR_ICAS1_GW_20790', 'SWR_ICAS1_GW_20789', 'SWR_ICAS1_GW_20788', 'SWR_ICAS1_GW_21520', 'SWR_ICAS1_GW_21447']"""
SDDToolchain,Dev,ICAS,62,13,49,79.03,7,7,0,0.0,23,2,21,91.3,23,0,23,100.0,23,0,23,100.0,23,23,0,0.0,23,0,23,100.0,23,0,23,100.0,23,16,69.57,7,30.43,11,"""['SWR_ICAS1_GW_21448', '', 'SWR_ICAS1_GW_20790', 'SWR_ICAS1_GW_20789', 'SWR_ICAS1_GW_20788', 'SWR_ICAS1_GW_21446', 'SWR_ICAS1_GW_20791', 'SWR_ICAS1_GW_20793', 'SWR_ICAS1_GW_22790', 'SWR_ICAS1_GW_21520', 'SWR_ICAS1_GW_21447']"""
SDDToolchain,Dev,ICAS,5,1,4,80.0,0,0,0,100.0,1,0,1,100.0,1,1,0,0.0,1,1,0,0.0,1,1,0,0.0,1,1,0,0.0,1,1,0,0.0,1,0,0.0,0,0.0,0,"""[]"""
SDDToolchain,Dev,ICAS,28,12,16,57.14,0,0,0,100.0,0,0,0,100.0,0,0,0,100.0,0,0,0,100.0,0,0,0,100.0,0,0,0,100.0,0,0,0,100.0,0,0,0,0,0,0,"""[]"""
SDDToolchain,Dev,ICAS,222,6,216,97.3,22,0,22,100.0,148,0,148,100.0,148,0,148,100.0,148,148,0,0.0,148,148,0,0.0,148,34,114,77.03,148,3,145,97.97,148,108,72.97,37,25.0,12,"""['SWR_ICAS1_GW_18927', 'SWR_ICAS1_GW_18926', 'SWR_ICAS1_GW_19868', 'SWR_ICAS1_GW_19869', 'SWR_ICAS1_GW_19870', 'SWR_ICAS1_GW_23019', 'SWR_ICAS1_GW_18934', 'SWR_ICAS1_GW_9711', 'SWR_ICAS1_GW_18931', 'SWR_ICAS1_GW_18948', 'SWR_ICAS1_GW_19691', 'SWR_ICAS1_GW_18928']"""
SDDToolchain,Dev,ICAS,34,0,34,100.0,12,0,12,100.0,9,0,9,100.0,9,0,9,100.0,9,9,0,0.0,9,9,0,0.0,9,9,0,0.0,9,0,9,100.0,9,0,0.0,9,100.0,3,"""['SWR_ICAS1_GW_21680', 'SWR_ICAS1_GW_XXX', '']"""
SDDToolchain,Dev,ICAS,37,1,36,97.3,12,0,12,100.0,12,0,12,100.0,12,0,12,100.0,12,12,0,0.0,12,12,0,0.0,12,0,12,100.0,12,0,12,100.0,12,2,16.67,10,83.33,2,"""['SWR_ICAS1_GW_21680', 'SWR_ICAS1_GW_16226']"""
SDDToolchain,Dev,ICAS,60,11,49,81.67,34,34,0,0.0,17,0,17,100.0,17,0,17,100.0,17,17,0,0.0,17,17,0,0.0,17,14,3,17.65,17,4,13,76.47,17,6,35.29,7,41.18,3,"""['SWR_UNECE_992', 'SWR_UNECE_991', 'SWR_UNECE_993']"""
SDDToolchain,Dev,ICAS,96,0,96,100.0,39,0,39,100.0,27,0,27,100.0,27,0,27,100.0,27,27,0,0.0,27,27,0,0.0,27,25,2,7.41,27,0,27,100.0,27,21,77.78,6,22.22,5,"""['SWR_ICAS1_GW_11545', '', 'SWR_ICAS1_GW_7339', 'SWR_ICAS1_GW_21252', 'SWR_ICAS1_GW_21244']"""
SDDToolchain,Dev,ICAS,164,7,157,95.73,0,0,0,100.0,107,5,102,95.33,107,8,99,92.52,107,107,0,0.0,107,107,0,0.0,107,46,61,57.01,107,28,79,73.83,107,0,0.0,79,73.83,31,"""['SWR_ICAS1_GW_7174', 'SWR_ICAS1_GW_7172', 'SWR_ICAS1_GW_19652', 'SWR_ICAS1_GW_10710', 'SWR_ICAS1_GW_11195', 'SWR_ICAS1_GW_11214', 'SWR_ICAS1_GW_21089', 'SWR_ICAS1_GW_7178', 'SWR_ICAS1_GW_19335', 'SWR_ICAS1_GW_19383', 'SWR_ICAS1_GW_3909', 'SWR_ICAS1_GW_3908', 'SWR_ICAS1_GW_3907', 'SWR_ICAS1_GW_18019', 'SWR_ICAS1_GW_18054', 'SWR_ICAS1_GW_18164', 'SWR_ICAS1_GW_18166', 'SWR_ICAS1_GW_18259', 'SWR_ICAS1_GW_22072', 'SWR_ICAS1_GW_22040', 'SWR_ICAS1_GW_22032', 'SWR_ICAS1_GW_22004', 'SWR_ICAS1_GW_18023', 'SWR_ICAS1_GW_11193', 'SWR_ICAS1_GW_21091', 'SWR_ICAS1_GW_12090', 'SWR_ICAS1_GW_21090', 'SWR_ICAS1_GW_18055', 'SWR_ICAS1_GW_3150', 'SWR_ICAS1_GW_3651', 'SWR_ICAS1_GW_8868']"""
SDDToolchain,Dev,ICAS,148,10,138,93.24,63,57,6,9.52,45,12,33,73.33,45,0,45,100.0,45,45,0,0.0,45,45,0,0.0,45,1,44,97.78,45,1,44,97.78,45,7,15.56,37,82.22,28,"""['SWR_ICAS1_GW_8186', 'SWR_ICAS1_GW_8290', 'SWR_ICAS1_GW_8268', 'SWR_ICAS1_GW_8270', 'SWR_ICAS1_GW_8272', '', 'SWR_ICAS1_GW_10918', 'SWR_ICAS1_GW_11999', 'SWR_ICAS1_GW_8303', 'SWR_ICAS1_GW_8276', 'SWR_ICAS1_GW_8184', 'SWR_ICAS1_GW_8213', 'SWR_ICAS1_GW_8216', 'SWR_ICAS1_GW_11604', 'SWR_ICAS1_GW_11600', 'SWR_ICAS1_GW_11601', 'SWR_ICAS1_GW_11602', 'SWR_ICAS1_GW_11603', 'SWR_ICAS1_GW_10921', 'SWR_ICAS1_GW_8211', 'SWR_ICAS1_GW_10277', 'SWR_ICAS1_GW_8277', 'SWR_ICAS1_GW_11193', 'SWR_ICAS1_GW_8286', 'SWR_ICAS1_GW_8274', 'SWR_ICAS1_GW_8283', 'SWR_ICAS1_GW_8271', 'SWR_ICAS1_GW_10331']"""
SDDToolchain,Dev,ICAS,375,38,337,89.87,86,72,14,16.28,182,68,114,62.64,182,2,180,98.9,182,182,0,0.0,182,182,0,0.0,182,177,5,2.75,182,132,50,27.47,182,49,26.92,1,0.55,5,"""['SWR_ICAS1_GW_10213', '{SWR_ICAS1_GW_10214}', '{SWR_ICAS1_GW_10240}', '{SWR_ICAS1_GW_10289}', '{SWR_ICAS1_GW_10290}']"""
SDDToolchain,Dev,ICAS,553,51,502,90.78,219,198,21,9.59,183,68,115,62.84,183,2,181,98.91,183,183,0,0.0,183,183,0,0.0,183,177,6,3.28,183,132,51,27.87,183,50,27.32,1,0.55,5,"""['SWR_ICAS1_GW_10213', '{SWR_ICAS1_GW_10214}', '{SWR_ICAS1_GW_10240}', '{SWR_ICAS1_GW_10289}', '{SWR_ICAS1_GW_10290}']"""
SDDToolchain,Dev,ICAS,820,37,783,95.49,506,444,62,12.25,383,0,383,100.0,383,2,381,99.48,383,6,377,98.43,383,383,0,0.0,383,46,337,87.99,383,42,341,89.03,383,119,31.07,222,57.96,268,"""['SWR_ICAS1_GW_9898', 'SWR_ICAS1_GW_10277', 'SWR_ICAS1_GW_10002', 'SWR_ICAS1_GW_10005', 'SWR_ICAS1_GW_10010', 'SWR_ICAS1_GW_15827', 'SWR_ICAS1_GW_10074', 'SWR_ICAS1_GW_10082', 'SWR_ICAS1_GW_10083', 'SWR_ICAS1_GW_10084', 'SWR_ICAS1_GW_3342', 'SWR_ICAS1_GW_3338', 'SWR_ICAS1_GW_3336', 'SWR_ICAS1_GW_3337', 'SWR_ICAS1_GW_3340', 'SWR_ICAS1_GW_3341', 'SWR_ICAS1_GW_3343', 'SWR_ICAS1_GW_3339', 'SWR_ICAS1_GW_3510', 'SWR_ICAS1_GW_10077', 'SWR_ICAS1_GW_3511', 'SWR_ICAS1_GW_10079', 'SWR_ICAS1_GW_3513', 'SWR_ICAS1_GW_3514', 'SWR_ICAS1_GW_3515', 'SWR_ICAS1_GW_3516', 'SWR_ICAS1_GW_3517', 'SWR_ICAS1_GW_3518', 'SWR_ICAS1_GW_3519', 'SWR_ICAS1_GW_3520', 'SWR_ICAS1_GW_10008', 'SWR_ICAS1_GW_10095', 'SWR_ICAS1_GW_10096', 'SWR_ICAS1_GW_10097', 'SWR_ICAS1_GW_3321', 'SWR_ICAS1_GW_3323', 'SWR_ICAS1_GW_3324', 'SWR_ICAS1_GW_3325', 'SWR_ICAS1_GW_3326', 'SWR_ICAS1_GW_3327', 'SWR_ICAS1_GW_3329', 'SWR_ICAS1_GW_3328', 'SWR_ICAS1_GW_3330', 'SWR_ICAS1_GW_3331', 'SWR_ICAS1_GW_7388', 'SWR_ICAS1_GW_7389', 'SWR_ICAS1_GW_7385', 'SWR_ICAS1_GW_3396', 'SWR_ICAS1_GW_3395', 'SWR_ICAS1_GW_3394', 'SWR_ICAS1_GW_3393', 'SWR_ICAS1_GW_3392', 'SWR_ICAS1_GW_3391', 'SWR_ICAS1_GW_3390', 'SWR_ICAS1_GW_3389', 'SWR_ICAS1_GW_3388', 'SWR_ICAS1_GW_3387', 'SWR_ICAS1_GW_3386', 'SWR_ICAS1_GW_3385', 'SWR_ICAS1_GW_3383', 'SWR_ICAS1_GW_3381', 'SWR_ICAS1_GW_3380', 'SWR_ICAS1_GW_3379', 'SWR_ICAS1_GW_3378', 'SWR_ICAS1_GW_3377', 'SWR_ICAS1_GW_3376', 'SWR_ICAS1_GW_3375', 'SWR_ICAS1_GW_3374', 'SWR_ICAS1_GW_3373', 'SWR_ICAS1_GW_3372', 'SWR_ICAS1_GW_3371', 'SWR_ICAS1_GW_3370', 'SWR_ICAS1_GW_3369', 'SWR_ICAS1_GW_3368', 'SWR_ICAS1_GW_3367', 'SWR_ICAS1_GW_3366', 'SWR_ICAS1_GW_3365', 'SWR_ICAS1_GW_3364', 'SWR_ICAS1_GW_3363', 'SWR_ICAS1_GW_3362', 'SWR_ICAS1_GW_3361', 'SWR_ICAS1_GW_3360', 'SWR_ICAS1_GW_3359', 'SWR_ICAS1_GW_3358', 'SWR_ICAS1_GW_3357', 'SWR_ICAS1_GW_3356', 'SWR_ICAS1_GW_3355', 'SWR_ICAS1_GW_3354', 'SWR_ICAS1_GW_3353', 'SWR_ICAS1_GW_3352', 'SWR_ICAS1_GW_3351', 'SWR_ICAS1_GW_3350', 'SWR_ICAS1_GW_3349', 'SWR_ICAS1_GW_3348', 'SWR_ICAS1_GW_3347', 'SWR_ICAS1_GW_3346', 'SWR_ICAS1_GW_3345', 'SWR_ICAS1_GW_7350', 'SWR_ICAS1_GW_7351', 'SWR_ICAS1_GW_7352', 'SWR_ICAS1_GW_7353', 'SWR_ICAS1_GW_7354', 'SWR_ICAS1_GW_7355', 'SWR_ICAS1_GW_10001', 'SWR_ICAS1_GW_10004', 'SWR_ICAS1_GW_9962', 'SWR_ICAS1_GW_10208', 'SWR_ICAS1_GW_18392', 'SWR_ICAS1_GW_10011', 'SWR_ICAS1_GW_10240', 'SWR_ICAS1_GW_10241', 'SWR_ICAS1_GW_3416', 'SWR_ICAS1_GW_3420', 'SWR_ICAS1_GW_17929', 'SWR_ICAS1_GW_3464', 'SWR_ICAS1_GW_3455', 'SWR_ICAS1_GW_3446', 'SWR_ICAS1_GW_3447', 'SWR_ICAS1_GW_3448', 'SWR_ICAS1_GW_3450', 'SWR_ICAS1_GW_3451', 'SWR_ICAS1_GW_3452', 'SWR_ICAS1_GW_7363', 'SWR_ICAS1_GW_7364', 'SWR_ICAS1_GW_7365', 'SWR_ICAS1_GW_7366', 'SWR_ICAS1_GW_8393', 'SWR_ICAS1_GW_8395', 'SWR_ICAS1_GW_8396', 'SWR_ICAS1_GW_8394', 'SWR_ICAS1_GW_8397', 'SWR_ICAS1_GW_8398', 'SWR_ICAS1_GW_8399', 'SWR_ICAS1_GW_10662', 'SWR_ICAS1_GW_10663', 'SWR_ICAS1_GW_10664', 'SWR_ICAS1_GW_10665', 'SWR_ICAS1_GW_10666', 'SWR_ICAS1_GW_10667', 'SWR_ICAS1_GW_10668', 'SWR_ICAS1_GW_10063', 'SWR_ICAS1_GW_11722', 'SWR_ICAS1_GW_11923', 'SWR_ICAS1_GW_10607', 'SWR_ICAS1_GW_3435', 'SWR_ICAS1_GW_3444', 'SWR_ICAS1_GW_3453', 'SWR_ICAS1_GW_3467', 'SWR_ICAS1_GW_11263', 'SWR_ICAS1_GW_3398', 'SWR_ICAS1_GW_3399', 'SWR_ICAS1_GW_3400', 'SWR_ICAS1_GW_3401', 'SWR_ICAS1_GW_20780', 'SWR_ICAS1_GW_20794', 'SWR_ICAS1_GW_10259', 'SWR_ICAS1_GW_10243', 'SWR_ICAS1_GW_10254', 'SWR_ICAS1_GW_3174', 'SWR_ICAS1_GW_3176', 'SWR_ICAS1_GW_3172', 'SWR_ICAS1_GW_3173', 'SWR_ICAS1_GW_3171', 'SWR_ICAS1_GW_3178', 'SWR_ICAS1_GW_3180', 'SWR_ICAS1_GW_3181', 'SWR_ICAS1_GW_3182', 'SWR_ICAS1_GW_3183', 'SWR_ICAS1_GW_3184', 'SWR_ICAS1_GW_10213', 'SWR_ICAS1_GW_10289', 'SWR_ICAS1_GW_10217', 'SWR_ICAS1_GW_10214', 'SWR_ICAS1_GW_10244', 'SWR_ICAS1_GW_10290', 'SWR_ICAS1_GW_10108', 'SWR_ICAS1_GW_3423', 'SWR_ICAS1_GW_10570', 'SWR_ICAS1_GW_10565', 'SWR_ICAS1_GW_20781', 'SWR_ICAS1_GW_20795', 'SWR_ICAS1_GW_10272', 'SWR_ICAS1_GW_10273', 'SWR_ICAS1_GW_10275', 'SWR_ICAS1_GW_10267', 'SWR_ICAS1_GW_10260', 'SWR_ICAS1_GW_10264', 'SWR_ICAS1_GW_10265', 'SWR_ICAS1_GW_3424', 'SWR_ICAS1_GW_7357', 'SWR_ICAS1_GW_3427', 'SWR_ICAS1_GW_3417', 'SWR_ICAS1_GW_11244', 'SWR_ICAS1_GW_15909', 'SWR_ICAS1_GW_15912', 'SWR_ICAS1_GW_15913', 'SWR_ICAS1_GW_15914', 'SWR_ICAS1_GW_15916', 'SWR_ICAS1_GW_18369', 'SWR_ICAS1_GW_18372', 'SWR_ICAS1_GW_18374', 'SWR_ICAS1_GW_18375', 'SWR_ICAS1_GW_18377', 'SWR_ICAS1_GW_18378', 'SWR_ICAS1_GW_18380', 'SWR_ICAS1_GW_18384', 'SWR_ICAS1_GW_18382', 'SWR_ICAS1_GW_18385', 'SWR_ICAS1_GW_3431', 'SWR_ICAS1_GW_10295', 'SWR_ICAS1_GW_10297', 'SWR_ICAS1_GW_18361', 'SWR_ICAS1_GW_18362', 'SWR_ICAS1_GW_23189', 'SWR_ICAS1_GW_23190', 'SWR_ICAS1_GW_23191', 'SWR_ICAS1_GW_23192', 'SWR_ICAS1_GW_23193', 'SWR_ICAS1_GW_23194', 'SWR_ICAS1_GW_23195', 'SWR_ICAS1_GW_23196', 'SWR_ICAS1_GW_23197', 'SWR_ICAS1_GW_23198', 'SWR_ICAS1_GW_23199', 'SWR_ICAS1_GW_23200', 'SWR_ICAS1_GW_23201', 'SWR_ICAS1_GW_23202', 'SWR_ICAS1_GW_23203', 'SWR_ICAS1_GW_23204', 'SWR_ICAS1_GW_23205', 'SWR_ICAS1_GW_23230', 'SWR_ICAS1_GW_23236', 'SWR_ICAS1_GW_23237', 'SWR_ICAS1_GW_23238', 'SWR_ICAS1_GW_23239', 'SWR_ICAS1_GW_23240', 'SWR_ICAS1_GW_23241', 'SWR_ICAS1_GW_23242', 'SWR_ICAS1_GW_23243', 'SWR_ICAS1_GW_23244', 'SWR_ICAS1_GW_23245', 'SWR_ICAS1_GW_23246', 'SWR_ICAS1_GW_23247', 'SWR_ICAS1_GW_23248', 'SWR_ICAS1_GW_23249', 'SWR_ICAS1_GW_23250', 'SWR_ICAS1_GW_23251', 'SWR_ICAS1_GW_23252', 'SWR_ICAS1_GW_23253', 'SWR_ICAS1_GW_10092', 'SWR_ICAS1_GW_10093', 'SWR_ICAS1_GW_10294', 'SWR_ICAS1_GW_10014', 'SWR_ICAS1_GW_12151', 'SWR_ICAS1_GW_18152', 'SWR_ICAS1_GW_18148', 'SWR_ICAS1_GW_10212', 'SWR_ICAS1_GW_11497', 'SWR_ICAS1_GW_11569', 'SWR_ICAS1_GW_11576', 'SWR_ICAS1_GW_18424', 'SWR_ICAS1_GW_11710', 'SWR_ICAS1_GW_12148', 'SWR_ICAS1_GW_11721', 'SWR_ICAS1_GW_3308', 'SWR_ICAS1_GW_3309', 'SWR_ICAS1_GW_3310', 'SWR_ICAS1_GW_3311']"""
SDDToolchain,Dev,ICAS,538,71,467,86.8,128,128,0,0.0,155,0,155,100.0,155,47,108,69.68,155,52,103,66.45,155,155,0,0.0,155,52,103,66.45,155,60,95,61.29,155,8,5.16,87,56.13,92,"""['SWR_ICAS1_GW_11969', 'SWR_ICAS1_GW_7950', 'SWR_ICAS1_GW_7928', 'SWR_ICAS1_SFD_93', 'SWR_ICAS1_GW_7944', 'SWR_ICAS1_GW_11966', 'SWR_ICAS1_GW_12019', 'SWR_ICAS1_GW_7958', 'SWR_ICAS1_GW_11971', 'SWR_L3_CRoute_DS-DWLD_248', 'SWR_ICAS1_GW_4721', 'SWR_ICAS1_GW_19424', 'SWR_ICAS1_GW_4707', 'SWR_ICAS1_GW_4765', 'SWR_ICAS1_GW_19423', 'SWR_ICAS1_GW_11496', 'SWR_ICAS1_GW_4693', 'SWR_ICAS1_GW_11477', 'SWR_ICAS1_GW_11482', 'SWR_ICAS1_GW_11484', 'SWR_ICAS1_GW_11486', 'SWR_ICAS1_GW_11488', 'SWR_ICAS1_GW_11490', 'SWR_ICAS1_GW_11492', 'SWR_ICAS1_GW_7922', 'SWR_ICAS1_GW_7960', 'SWR_ICAS1_GW_12045', 'SWR_ICAS1_GW_11960', 'SWR_ICAS1_GW_7934', 'SWR_ICAS1_GW_8957', 'SWR_ICAS1_GW_8960', 'SWR_ICAS1_GW_4761', 'SWR_ICAS1_GW_19421', 'SWR_ICAS1_GW_7434', 'SWR_ICAS1_GW_7920', 'SWR_ICAS1_GW_8958', 'SWR_ICAS1_GW_20019', 'SWR_ICAS1_GW_22751', 'SWR_ICAS1_GW_19504', 'SWR_ICAS1_GW_7430', 'SWR_ICAS1_GW_7432', 'SWR_ICAS1_GW_11728', 'SWR_ICAS1_GW_7428', 'SWR_ICAS1_GW_4767', 'SWR_ICAS1_GW_4763', 'SWR_ICAS1_GW_19410', 'SWR_ICAS1_GW_11970', 'SWR_ICAS1_GW_7952', 'SWR_ICAS1_GW_4811', 'SWR_ICAS1_GW_11702', 'SWR_ICAS1_GW_4813', 'SWR_ICAS1_GW_11699', 'SWR_ICAS1_GW_4817', 'SWR_ICAS1_GW_11694', 'SWR_ICAS1_GW_4815', 'SWR_ICAS1_GW_11696', 'SWR_ICAS1_GW_20982', 'SWR_ICAS1_GW_4723', 'SWR_ICAS1_GW_11964', 'SWR_ICAS1_GW_4797', 'SWR_ICAS1_GW_4809', 'SWR_ICAS1_GW_21240', 'SWR_ICAS1_GW_16587', 'SWR_ICAS1_GW_4799', 'SWR_ICAS1_GW_11891', 'SWR_ICAS1_GW_10907', 'SWR_ICAS1_GW_15940', 'SWR_ICAS1_GW_15941', 'SWR_ICAS1_GW_20937', 'SWR_ICAS1_GW_11965', 'SWR_ICAS1_GW_7942', 'SWR_ICAS1_GW_4705', 'SWR_ICAS1_GW_11785', 'SWR_L3_CRoute_DS-DWLD_252', '', 'SWR_L3_CRoute_DS-DWLD_322', 'SWR_L3_CRoute_DS-DWLD_323', 'SWR_ICAS1_GW_11968', 'SWR_ICAS1_GW_7948', 'SWR_ICAS1_GW_12040', 'SWR_ICAS1_GW_7936', 'SWR_ICAS1_GW_11963', 'SWR_ICAS1_GW_7940', 'SWR_ICAS1_GW_11771', 'SWR_ICAS1_GW_11773', 'SWR_ICAS1_GW_4711', 'SWR_ICAS1_GW_19417', 'SWR_ICAS1_GW_7926', 'SWR_ICAS1_GW_11231', 'SWR_ICAS1_GW_8976', 'SWR_ICAS1_GW_7924', 'SWR_ICAS1_L3_DK4_405']"""
SDDToolchain,Dev,ICAS,36,0,36,100.0,3,3,0,0.0,16,4,12,75.0,16,0,16,100.0,16,16,0,0.0,16,16,0,0.0,16,15,1,6.25,16,0,16,100.0,16,1,6.25,15,93.75,13,"""['SWR_L1_KRM_118', '', 'SWR_L1_KRM_91', 'SWR_L1_KRM_119', 'SWR_L1_KRM_124', 'SWR_L1_KRM_121', 'SWR_L1_KRM_72', 'SWR_L1_KRM_67', 'SWR_L1_KRM_136', 'SWR_L1_KRM_123', 'SWR_L1_KRM_127', 'SWR_L1_KRM_39', 'SWR_L1_KRM_68']"""
SDDToolchain,Dev,ICAS,41,0,41,100.0,3,3,0,0.0,17,4,13,76.47,17,0,17,100.0,17,17,0,0.0,17,17,0,0.0,17,17,0,0.0,17,0,17,100.0,17,1,5.88,16,94.12,13,"""['SWR_L1_KRM_91', '', 'SWR_L1_KRM_118', 'SWR_L1_KRM_119', 'SWR_L1_KRM_124', 'SWR_L1_KRM_121', 'SWR_L1_KRM_72', 'SWR_L1_KRM_67', 'SWR_L1_KRM_136', 'SWR_L1_KRM_123', 'SWR_L1_KRM_127', 'SWR_L1_KRM_39', 'SWR_L1_KRM_68']"""
SDDToolchain,Dev,ICAS,166,1,165,99.4,0,0,0,100.0,135,0,135,100.0,135,68,67,49.63,135,135,0,0.0,135,135,0,0.0,135,93,42,31.11,135,94,41,30.37,135,2,1.48,39,28.89,40,"""['SWR_ICAS1_GW_16054', 'SWR_ICAS1_GW_16205', 'SWR_ICAS1_GW_4662', 'SWR_ICAS1_GW_4660', '', 'SWR_ICAS1_GW_4658', 'SWR_ICAS1_GW_4654', 'SWR_ICAS1_GW_4652', 'SWR_ICAS1_GW_4650', 'SWR_ICAS1_GW_4646', 'SWR_ICAS1_GW_4644', 'SWR_ICAS1_GW_4642', 'SWR_ICAS1_GW_7185', 'SWR_ICAS1_GW_7201', 'SWR_ICAS1_GW_7199', 'SWR_ICAS1_GW_7198', 'SWR_ICAS1_GW_4640', 'SWR_ICAS1_GW_4636', 'SWR_ICAS1_GW_4634', 'SWR_ICAS1_GW_4632', 'SWR_ICAS1_GW_4628', 'SWR_ICAS1_GW_4626', 'SWR_ICAS1_GW_4624', 'SWR_ICAS1_GW_7208', 'SWR_ICAS1_GW_7216', 'SWR_ICAS1_GW_7218', 'SWR_ICAS1_GW_7220', 'SWR_ICAS1_GW_4622', 'SWR_ICAS1_GW_7237', 'SWR_ICAS1_GW_7179', 'SWR_ICAS1_GW_7183', 'SWR_ICAS1_GW_7181', 'SWR_ICAS1_GW_7247', 'SWR_ICAS1_GW_7245', 'SWR_ICAS1_GW_7243', 'SWR_ICAS1_GW_7241', 'SWR_ICAS1_GW_7239', 'SWR_ICAS1_GW_18587', 'SWR_ICAS1_GW_4618', 'SWR_ICAS1_GW_10310']"""
SDDToolchain,Dev,ICAS,152,0,152,100.0,0,0,0,100.0,128,0,128,100.0,128,22,106,82.81,128,39,89,69.53,128,128,0,0.0,128,37,91,71.09,128,37,91,71.09,128,3,2.34,88,68.75,56,"""['SWR_ICAS1_GW_19871', 'SWR_ICAS1_GW_19872', 'SWR_ICAS1_GW_19873', 'SWR_ICAS1_GW_19874', 'SWR_ICAS1_GW_19875', 'SWR_ICAS1_GW_19876', 'SWR_ICAS1_GW_21084', 'SWR_ICAS1_GW_19877', 'SWR_ICAS1_GW_15991', 'SWR_ICAS1_GW_15994', 'SWR_ICAS1_GW_19878', 'SWR_ICAS1_GW_19703', 'SWR_ICAS1_GW_19832', 'SWR_ICAS1_GW_11243', 'SWR_ICAS1_GW_21014', 'SWR_ICAS1_GW_21025', 'SWR_ICAS1_GW_21026', 'SWR_ICAS1_GW_21027', 'SWR_ICAS1_GW_21028', 'SWR_ICAS1_GW_21029', 'SWR_ICAS1_GW_21030', 'SWR_ICAS1_GW_21031', 'SWR_ICAS1_GW_21032', 'SWR_ICAS1_GW_21034', 'SWR_ICAS1_GW_21035', 'SWR_ICAS1_GW_21036', 'SWR_ICAS1_GW_21037', 'SWR_ICAS1_GW_21038', 'SWR_ICAS1_GW_21039', 'SWR_ICAS1_GW_21040', 'SWR_ICAS1_GW_21041', 'SWR_ICAS1_GW_21042', 'SWR_ICAS1_GW_21043', 'SWR_ICAS1_GW_21044', 'SWR_ICAS1_GW_21045', 'SWR_ICAS1_GW_21046', 'SWR_ICAS1_GW_21047', 'SWR_ICAS1_GW_21048', 'SWR_ICAS1_GW_21049', 'SWR_ICAS1_GW_21024', 'SWR_ICAS1_GW_21055', 'SWR_ICAS1_GW_18590', 'SWR_ICAS1_GW_21016', 'SWR_ICAS1_GW_15909', 'SWR_ICAS1_GW_21015', 'SWR_ICAS1_GW_21020', 'SWR_ICAS1_GW_21021', 'SWR_ICAS1_GW_21022', 'SWR_ICAS1_GW_21060', 'SWR_ICAS1_GW_21059', 'SWR_ICAS1_GW_21058', 'SWR_ICAS1_GW_21057', 'SWR_ICAS1_GW_21056', 'SWR_ICAS1_GW_18588', 'SWR_ICAS1_GW_21050', 'SWR_ICAS1_GW_21023']"""
SDDToolchain,Dev,ICAS,103,6,97,94.17,16,14,2,12.5,35,0,35,100.0,35,0,35,100.0,35,35,0,0.0,35,35,0,0.0,35,14,21,60.0,35,24,11,31.43,35,11,31.43,0,0.0,0,"""[]"""
SDDToolchain,Dev,ICAS,103,13,90,87.38,16,16,0,0.0,35,6,29,82.86,35,0,35,100.0,35,0,35,100.0,35,35,0,0.0,35,0,35,100.0,35,7,28,80.0,35,15,42.86,13,37.14,12,"""['SWR_ICAS1_GW_1659', 'SWR_ICAS1_GW_1650', 'SWR_ICAS1_GW_1651', 'SWR_ICAS1_GW_1653', 'SWR_ICAS1_GW_1654', 'SWR_ICAS1_GW_1669', 'SWR_ICAS1_GW_1670', 'SWR_ICAS1_GW_1621', 'SWR_ICAS1_GW_1620', 'SWR_ICAS1_GW_1660', 'SWR_ICAS1_GW_1666', '']"""
SDDToolchain,Dev,ICAS,205,25,180,87.8,117,110,7,5.98,144,32,112,77.78,144,1,143,99.31,144,144,0,0.0,144,144,0,0.0,144,144,0,0.0,144,65,79,54.86,144,79,54.86,0,0.0,0,"""[]"""
SDDToolchain,Dev,ICAS,222,13,209,94.14,113,106,7,6.19,148,2,146,98.65,148,0,148,100.0,148,52,96,64.86,148,148,0,0.0,148,3,145,97.97,148,91,57,38.51,148,54,36.49,3,2.03,8,"""['SWR_ICAS1_GW_21065', 'SWR_UNECE_942', 'SWR_UNECE_944', 'SWR_UNECE_945', 'SWR_UNECE_962', 'SWR_UNECE_961', 'SWR_ICAS1_GW_21076', 'SWR_ICAS1_GW_21097']"""
SDDToolchain,Dev,ICAS,387,7,380,98.19,72,0,72,100.0,88,32,56,63.64,88,0,88,100.0,88,88,0,0.0,88,88,0,0.0,88,88,0,0.0,88,6,82,93.18,88,50,56.82,32,36.36,38,"""['SWR_ICAS1_GW_18610', 'SWR_ICAS1_GW_19041', 'SWR_ICAS1_GW_19023', 'SWR_ICAS1_GW_19024', 'SWR_ICAS1_GW_14473', 'SWR_ICAS1_GW_19042', 'SWR_ICAS1_GW_19043', 'SWR_ICAS1_GW_19045', 'SWR_ICAS1_GW_15923', 'SWR_ICAS1_GW_21763', 'SWR_ICAS1_GW_19034', 'SWR_ICAS1_GW_14461', 'SWR_ICAS1_GW_21737', 'SWR_ICAS1_GW_19027', 'SWR_ICAS1_14462', 'SWR_ICAS1_19023', 'SWR_ICAS1_GW_19026', 'SWR_ICAS1_19041', 'SWR_ICAS1_GW_19072', 'SWR_ICAS1_GW_16015', '', 'SWR_ICAS1_GW_19033', 'SWR_ICAS1_GW_19036', 'SWR_ICAS1_GW_21765', 'SWR_ICAS1_GW_21762', 'SWR_ICAS1_GW_14456', 'SWR_ICAS1_GW_21761', 'SWR_ICAS1_GW_14462', 'SWR_ICAS1_GW_16014', 'SWR_ICAS1_GW_21738', 'SWR_ICAS1_GW_21739', 'SWR_ICAS1_GW_15953', 'SWR_ICAS1_GW_14567', 'SWR_ICAS1_GW_14559', 'SWR_ICAS1_GW_14555', 'SWR_ICAS1_GW_14557', 'SWR_ICAS1_GW_15853', 'SWR_ICAS1_GW_15952']"""
SDDToolchain,Dev,ICAS,391,7,384,98.21,72,0,72,100.0,86,32,54,62.79,86,0,86,100.0,86,86,0,0.0,86,86,0,0.0,86,86,0,0.0,86,6,80,93.02,86,48,55.81,32,37.21,38,"""['SWR_ICAS1_GW_18610', 'SWR_ICAS1_GW_19041', 'SWR_ICAS1_GW_19023', 'SWR_ICAS1_GW_19024', 'SWR_ICAS1_GW_14473', 'SWR_ICAS1_GW_19042', 'SWR_ICAS1_GW_19043', 'SWR_ICAS1_GW_19045', 'SWR_ICAS1_GW_15923', 'SWR_ICAS1_GW_21763', 'SWR_ICAS1_GW_19034', 'SWR_ICAS1_GW_19027', 'SWR_ICAS1_GW_14461', 'SWR_ICAS1_GW_21737', 'SWR_ICAS1_14462', 'SWR_ICAS1_19023', 'SWR_ICAS1_GW_19026', 'SWR_ICAS1_19041', 'SWR_ICAS1_GW_19072', 'SWR_ICAS1_GW_16015', '', 'SWR_ICAS1_GW_19033', 'SWR_ICAS1_GW_19036', 'SWR_ICAS1_GW_21765', 'SWR_ICAS1_GW_21762', 'SWR_ICAS1_GW_14456', 'SWR_ICAS1_GW_21761', 'SWR_ICAS1_GW_14462', 'SWR_ICAS1_GW_16014', 'SWR_ICAS1_GW_21738', 'SWR_ICAS1_GW_21739', 'SWR_ICAS1_GW_15953', 'SWR_ICAS1_GW_14567', 'SWR_ICAS1_GW_14559', 'SWR_ICAS1_GW_14555', 'SWR_ICAS1_GW_14557', 'SWR_ICAS1_GW_15853', 'SWR_ICAS1_GW_15952']"""
SDDToolchain,Dev,ICAS,123,12,111,90.24,44,0,44,100.0,35,2,33,94.29,35,0,35,100.0,35,35,0,0.0,35,35,0,0.0,35,33,2,5.71,35,11,24,68.57,35,13,37.14,11,31.43,12,"""['SWR_ICAS1_GW_15844', 'SWR_ICAS1_GW_19184', 'SWR_ICAS1_GW_14580', 'SWR_ICAS1_GW_19188', 'SWR_ICAS1_GW_19189', 'SWR_ICAS1_GW_19190', 'SWR_ICAS1_GW_19185', 'SWR_ICAS1_GW_19187', 'SWR_ICAS1_GW_15850', 'SWR_ICAS1_GW_19203', '', 'SWR_ICAS1_GW_19197']"""
SDDToolchain,Dev,ICAS,137,14,123,89.78,47,0,47,100.0,37,2,35,94.59,37,0,37,100.0,37,37,0,0.0,37,37,0,0.0,37,35,2,5.41,37,12,25,67.57,37,14,37.84,11,29.73,12,"""['SWR_ICAS1_GW_15844', 'SWR_ICAS1_GW_19184', 'SWR_ICAS1_GW_14580', 'SWR_ICAS1_GW_19188', 'SWR_ICAS1_GW_19189', 'SWR_ICAS1_GW_19190', 'SWR_ICAS1_GW_19185', 'SWR_ICAS1_GW_19187', 'SWR_ICAS1_GW_15850', 'SWR_ICAS1_GW_19203', '', 'SWR_ICAS1_GW_19197']"""
SDDToolchain,Dev,ICAS,24,3,21,87.5,11,11,0,0.0,6,0,6,100.0,6,0,6,100.0,6,6,0,0.0,6,6,0,0.0,6,6,0,0.0,6,2,4,66.67,6,0,0.0,4,66.67,4,"""['SWR_UNECE_997', 'SWR_UNECE_998', 'SWR_UNECE_924', 'SWR_UNECE_928']"""
SDDToolchain,Dev,ICAS,27,7,20,74.07,0,0,0,100.0,4,4,0,0.0,4,0,4,100.0,4,4,0,0.0,4,4,0,0.0,4,0,4,100.0,4,0,4,100.0,4,2,50.0,2,50.0,2,"""['SWR_ICAS1_GW_8270', '']"""
SDDToolchain,Dev,ICAS,30,5,25,83.33,0,0,0,100.0,7,0,7,100.0,7,0,7,100.0,7,0,7,100.0,7,7,0,0.0,7,0,7,100.0,7,0,7,100.0,7,0,0.0,7,100.0,2,"""['SWR_ICAS1_GW_8270', 'SWR_ICAS1_Diag_430']"""
SDDToolchain,Dev,ICAS,227,4,223,98.24,6,0,6,100.0,110,21,89,80.91,110,0,110,100.0,110,110,0,0.0,110,110,0,0.0,110,110,0,0.0,110,1,109,99.09,110,106,96.36,3,2.73,2,"""['SWR_ICAS1_L3_DK4_447', 'SWR_ICAS1_L3_DK4_250']"""
SDDToolchain,Dev,ICAS,1360,350,1010,74.26,17,17,0,0.0,352,9,343,97.44,352,0,352,100.0,352,352,0,0.0,352,352,0,0.0,352,322,30,8.52,352,349,3,0.85,352,0,0.0,3,0.85,3,"""['SWR_ICAS1_GW_3760', 'SWR_ICAS1_GW_18357', '']"""
SDDToolchain,Dev,ICAS,18,1,17,94.44,0,0,0,100.0,4,1,3,75.0,4,0,4,100.0,4,4,0,0.0,4,4,0,0.0,4,0,4,100.0,4,3,1,25.0,4,1,25.0,0,0.0,0,"""[]"""
SDDToolchain,Dev,ICAS,63,4,59,93.65,6,0,6,100.0,28,4,24,85.71,28,0,28,100.0,28,28,0,0.0,28,28,0,0.0,28,2,26,92.86,28,19,9,32.14,28,0,0.0,9,32.14,8,"""['SWR_ICAS1_Diag_856', '', 'SWR_ICAS1_Diag_863', 'SWR_ICAS1_Diag_873', 'SWR_ICAS1_Diag_875', 'SWR_ICAS1_Diag_118', 'SWR_ICAS1_Diag_911', 'SWR_ICAS1_Diag_917']"""
SDDToolchain,Dev,ICAS,63,4,59,93.65,6,0,6,100.0,28,4,24,85.71,28,0,28,100.0,28,28,0,0.0,28,28,0,0.0,28,0,28,100.0,28,19,9,32.14,28,0,0.0,9,32.14,8,"""['SWR_ICAS1_Diag_856', '', 'SWR_ICAS1_Diag_863', 'SWR_ICAS1_Diag_873', 'SWR_ICAS1_Diag_875', 'SWR_ICAS1_Diag_118', 'SWR_ICAS1_Diag_911', 'SWR_ICAS1_Diag_917']"""
SDDToolchain,Dev,ICAS,17,0,17,100.0,0,0,0,100.0,5,0,5,100.0,5,0,5,100.0,5,5,0,0.0,5,5,0,0.0,5,0,5,100.0,5,2,3,60.0,5,0,0.0,3,60.0,8,"""['SWR_ICAS1_L3_CRoute_SWL_IT_90', 'SWR_ICAS1_L3_CRoute_SWL_IT_94', 'SWR_ICAS1_L3_CRoute_SWL_IT_77', 'SWR_ICAS1_L3_CRoute_SWL_IT_141', 'SWR_ICAS1_L3_CRoute_SWL_IT_142', 'SWR_ICAS1_L3_CRoute_SWL_IT_80', 'SWR_ICAS1_L3_CRoute_SWL_IT_81', 'SWR_ICAS1_L3_CRoute_SWL_IT_79']"""
SDDToolchain,Dev,ICAS,17,0,17,100.0,0,0,0,100.0,5,0,5,100.0,5,0,5,100.0,5,5,0,0.0,5,5,0,0.0,5,0,5,100.0,5,2,3,60.0,5,0,0.0,3,60.0,8,"""['SWR_ICAS1_L3_CRoute_SWL_IT_90', 'SWR_ICAS1_L3_CRoute_SWL_IT_94', 'SWR_ICAS1_L3_CRoute_SWL_IT_77', 'SWR_ICAS1_L3_CRoute_SWL_IT_141', 'SWR_ICAS1_L3_CRoute_SWL_IT_142', 'SWR_ICAS1_L3_CRoute_SWL_IT_80', 'SWR_ICAS1_L3_CRoute_SWL_IT_81', 'SWR_ICAS1_L3_CRoute_SWL_IT_79']"""
SDDToolchain,Dev,ICAS,27,0,27,100.0,0,0,0,100.0,15,5,10,66.67,15,0,15,100.0,15,15,0,0.0,15,15,0,0.0,15,2,13,86.67,15,8,7,46.67,15,0,0.0,7,46.67,7,"""['SWR_ICAS1_Diag_832', 'SWR_ICAS1_Diag_898', '', 'SWR_ICAS1_Diag_827', 'SWR_ICAS1_Diag_833', 'SWR_ICAS1_Diag_886', 'SWR_ICAS1_Diag_369']"""
SDDToolchain,Dev,ICAS,27,0,27,100.0,0,0,0,100.0,15,5,10,66.67,15,0,15,100.0,15,15,0,0.0,15,15,0,0.0,15,0,15,100.0,15,8,7,46.67,15,0,0.0,7,46.67,7,"""['SWR_ICAS1_Diag_832', 'SWR_ICAS1_Diag_898', '', 'SWR_ICAS1_Diag_827', 'SWR_ICAS1_Diag_833', 'SWR_ICAS1_Diag_886', 'SWR_ICAS1_Diag_369']"""
SDDToolchain,Dev,ICAS,236,10,226,95.76,23,23,0,0.0,124,0,124,100.0,124,2,122,98.39,124,124,0,0.0,124,124,0,0.0,124,5,119,95.97,124,10,114,91.94,124,5,4.03,109,87.9,172,"""['SWR_ICAS1_Diag_128', 'SWR_ICAS1_Diag_129', 'SWR_ICAS1_Diag_130', 'SWR_ICAS1_Diag_131', 'SWR_ICAS1_Diag_133', 'SWR_ICAS1_Diag_136', 'SWR_ICAS1_Diag_139', 'SWR_ICAS1_Diag_140', 'SWR_ICAS1_Diag_141', 'SWR_ICAS1_Diag_143', 'SWR_ICAS1_Diag_144', 'SWR_ICAS1_Diag_145', 'SWR_ICAS1_Diag_147', 'SWR_ICAS1_Diag_150', 'SWR_ICAS1_Diag_151', 'SWR_ICAS1_Diag_152', 'SWR_ICAS1_Diag_153', 'SWR_ICAS1_Diag_154', 'SWR_ICAS1_Diag_899', 'SWR_ICAS1_GW_18028', 'SWR_ICAS1_Diag_160', 'SWR_ICAS1_Diag_158', 'SWR_ICAS1_Diag_159', 'SWR_ICAS1_Diag_161', 'SWR_ICAS1_Diag_165', 'SWR_ICAS1_Diag_170', 'SWR_ICAS1_Diag_171', 'SWR_ICAS1_Diag_168', 'SWR_ICAS1_Diag_167', 'SWR_ICAS1_Diag_172', 'SWR_ICAS1_Diag_173', 'SWR_ICAS1_Diag_164', 'SWR_ICAS1_Diag_166', 'SWR_ICAS1_Diag_185', 'SWR_ICAS1_Diag_186', 'SWR_ICAS1_Diag_192', 'SWR_ICAS1_Diag_187', 'SWR_ICAS1_Diag_177', 'SWR_ICAS1_Diag_180', 'SWR_ICAS1_Diag_179', 'SWR_ICAS1_Diag_190', 'SWR_ICAS1_Diag_191', 'SWR_ICAS1_Diag_182', 'SWR_ICAS1_Diag_183', 'SWR_ICAS1_Diag_188', 'SWR_ICAS1_Diag_223', 'SWR_ICAS1_Diag_224', 'SWR_ICAS1_Diag_227', 'SWR_ICAS1_Diag_218', 'SWR_ICAS1_Diag_215', 'SWR_ICAS1_Diag_211', 'SWR_ICAS1_Diag_1037', 'SWR_ICAS1_Diag_216', 'SWR_ICAS1_Diag_219', 'SWR_ICAS1_Diag_694', 'SWR_ICAS1_Diag_739', 'SWR_ICAS1_Diag_231', 'SWR_ICAS1_Diag_232', 'SWR_ICAS1_Diag_225', 'SWR_ICAS1_Diag_222', 'SWR_ICAS1_Diag_1035', 'SWR_ICAS1_Diag_1036', 'SWR_ICAS1_Diag_230', 'SWR_ICAS1_Diag_226', 'SWR_ICAS1_Diag_220', 'SWR_ICAS1_Diag_221', 'SWR_ICAS1_Diag_229', 'SWR_ICAS1_Diag_209', 'SWR_ICAS1_Diag_210', 'SWR_ICAS1_Diag_339', 'SWR_ICAS1_Diag_340', 'SWR_ICAS1_Diag_341', 'SWR_ICAS1_Diag_342', 'SWR_ICAS1_Diag_344', 'SWR_ICAS1_Diag_343', 'SWR_ICAS1_Diag_350', 'SWR_ICAS1_Diag_351', 'SWR_ICAS1_Diag_349', 'SWR_ICAS1_Diag_348', 'SWR_ICAS1_Diag_345', 'SWR_ICAS1_Diag_357', 'SWR_ICAS1_Diag_356', 'SWR_ICAS1_Diag_358', 'SWR_ICAS1_Diag_359', 'SWR_ICAS1_Diag_360', 'SWR_ICAS1_Diag_361', 'SWR_ICAS1_Diag_364', 'SWR_ICAS1_Diag_367', 'SWR_ICAS1_Diag_363', 'SWR_ICAS1_Diag_366', 'SWR_ICAS1_GW_17931', 'SWR_ICAS1_GW_17936', 'SWR_ICAS1_GW_17942', 'SWR_ICAS1_GW_17943', 'SWR_ICAS1_GW_18267', 'SWR_ICAS1_GW_18269', 'SWR_ICAS1_Diag_196', 'SWR_ICAS1_Diag_16194', 'SWR_ICAS1_GW_168', 'SWR_ICAS1_Diag_2438', 'SWR_ICAS1_GW_271', 'SWR_ICAS1_GW_10580', 'SWR_ICAS1_GW_10581', 'SWR_ICAS1_GW_10582', 'SWR_ICAS1_GW_10584', 'SWR_ICAS1_GW_10585', 'SWR_ICAS1_GW_10586', 'SWR_ICAS1_GW_10588', 'SWR_ICAS1_GW_10589', 'SWR_ICAS1_GW_10590', 'SWR_ICAS1_GW_10587', 'SWR_ICAS1_Diag_258', 'SWR_ICAS1_Diag_16168', 'SWR_ICAS1_GW_179', 'SWR_ICAS1_Diag_2277', 'SWR_ICAS1_GW_2278', 'SWR_ICAS1_Diag_2375', 'SWR_ICAS1_GW_2403', 'SWR_ICAS1_Diag_2377', 'SWR_ICAS1_GW_2404', 'SWR_ICAS1_GW_1323', 'SWR_ICAS1_GW_1324', 'SWR_ICAS1_GW_1327', 'SWR_ICAS1_Diag_4659', 'SWR_ICAS1_GW_10592', 'SWR_ICAS1_GW_10593', 'SWR_ICAS1_GW_10594', 'SWR_ICAS1_GW_10595', 'SWR_ICAS1_GW_10596', 'SWR_ICAS1_Diag_10791', 'SWR_ICAS1_GW_10599', 'SWR_ICAS1_GW_10597', 'SWR_ICAS1_GW_10598', 'SWR_ICAS1_GW_10600', 'SWR_ICAS1_Diag_11243', 'SWR_ICAS1_GW_10426', 'SWR_ICAS1_GW_10429', 'SWR_ICAS1_GW_10428', 'SWR_ICAS1_GW_10427', 'SWR_ICAS1_Diag_2349', 'SWR_ICAS1_GW_2364', 'SWR_ICAS1_Diag_2355', 'SWR_ICAS1_GW_2363', 'SWR_ICAS1_GW_7146', 'SWR_ICAS1_GW_19881', 'SWR_ICAS1_GW_19883', 'SWR_ICAS1_GW_19885', 'SWR_ICAS1_GW_10496', 'SWR_ICAS1_GW_19887', 'SWR_ICAS1_GW_10498', 'SWR_ICAS1_GW_10499', 'SWR_ICAS1_GW_10500', 'SWR_ICAS1_GW_10548', 'SWR_ICAS1_GW_10549', 'SWR_ICAS1_GW_10550', 'SWR_ICAS1_GW_10565', 'SWR_ICAS1_GW_10566', 'SWR_ICAS1_GW_10568', 'SWR_ICAS1_GW_11995', 'SWR_ICAS1_GW_19916', 'SWR_ICAS1_L3_DK4_241', 'SWR_ICAS1_GW_7565', 'SWR_ICAS1_Diag_115', 'SWR_ICAS1_Diag_886', 'SWR_ICAS1_Diag_888', 'SWR_ICAS1_Diag_887', 'SWR_ICAS1_Diag_118', 'SWR_ICAS1_Diag_323', 'SWR_ICAS1_Diag_324', 'SWR_ICAS1_Diag_325', 'SWR_ICAS1_Diag_327', 'SWR_ICAS1_Diag_328']"""
SDDToolchain,Dev,ICAS,245,13,232,94.69,23,23,0,0.0,131,0,131,100.0,131,3,128,97.71,131,131,0,0.0,131,131,0,0.0,131,6,125,95.42,131,11,120,91.6,131,5,3.82,115,87.79,181,"""['SWR_ICAS1_Diag_128', 'SWR_ICAS1_Diag_129', 'SWR_ICAS1_Diag_130', 'SWR_ICAS1_Diag_131', 'SWR_ICAS1_Diag_133', 'SWR_ICAS1_Diag_136', 'SWR_ICAS1_Diag_139', 'SWR_ICAS1_Diag_140', 'SWR_ICAS1_Diag_141', 'SWR_ICAS1_Diag_143', 'SWR_ICAS1_Diag_144', 'SWR_ICAS1_Diag_145', 'SWR_ICAS1_Diag_147', 'SWR_ICAS1_Diag_1111', 'SWR_ICAS1_Diag_1119', 'SWR_ICAS1_Diag_77', 'SWR_ICAS1_Diag_150', 'SWR_ICAS1_Diag_151', 'SWR_ICAS1_Diag_152', 'SWR_ICAS1_Diag_153', 'SWR_ICAS1_Diag_154', 'SWR_ICAS1_Diag_899', 'SWR_ICAS1_GW_18028', 'SWR_ICAS1_Diag_160', 'SWR_ICAS1_Diag_158', 'SWR_ICAS1_Diag_159', 'SWR_ICAS1_Diag_161', 'SWR_ICAS1_Diag_165', 'SWR_ICAS1_Diag_170', 'SWR_ICAS1_Diag_171', 'SWR_ICAS1_Diag_168', 'SWR_ICAS1_Diag_167', 'SWR_ICAS1_Diag_172', 'SWR_ICAS1_Diag_173', 'SWR_ICAS1_Diag_164', 'SWR_ICAS1_Diag_166', 'SWR_ICAS1_Diag_185', 'SWR_ICAS1_Diag_186', 'SWR_ICAS1_Diag_192', 'SWR_ICAS1_Diag_187', 'SWR_ICAS1_Diag_177', 'SWR_ICAS1_Diag_180', 'SWR_ICAS1_Diag_179', 'SWR_ICAS1_Diag_190', 'SWR_ICAS1_Diag_191', 'SWR_ICAS1_Diag_182', 'SWR_ICAS1_Diag_183', 'SWR_ICAS1_Diag_188', 'SWR_ICAS1_Diag_215', 'SWR_ICAS1_Diag_227', 'SWR_ICAS1_Diag_218', 'SWR_ICAS1_Diag_211', 'SWR_ICAS1_Diag_1037', 'SWR_ICAS1_Diag_216', 'SWR_ICAS1_Diag_219', 'SWR_ICAS1_Diag_694', 'SWR_ICAS1_Diag_739', 'SWR_ICAS1_Diag_231', 'SWR_ICAS1_Diag_232', 'SWR_ICAS1_Diag_220', 'SWR_ICAS1_Diag_221', 'SWR_ICAS1_Diag_225', 'SWR_ICAS1_Diag_223', 'SWR_ICAS1_Diag_222', 'SWR_ICAS1_Diag_1035', 'SWR_ICAS1_Diag_224', 'SWR_ICAS1_Diag_1036', 'SWR_ICAS1_Diag_230', 'SWR_ICAS1_Diag_226', 'SWR_ICAS1_Diag_229', 'SWR_ICAS1_Diag_209', 'SWR_ICAS1_Diag_210', 'SWR_ICAS1_Diag_339', 'SWR_ICAS1_Diag_340', 'SWR_ICAS1_Diag_341', 'SWR_ICAS1_Diag_342', 'SWR_ICAS1_Diag_344', 'SWR_ICAS1_Diag_343', 'SWR_ICAS1_Diag_350', 'SWR_ICAS1_Diag_351', 'SWR_ICAS1_Diag_349', 'SWR_ICAS1_Diag_348', 'SWR_ICAS1_Diag_345', 'SWR_ICAS1_Diag_357', 'SWR_ICAS1_Diag_356', 'SWR_ICAS1_Diag_358', 'SWR_ICAS1_Diag_359', 'SWR_ICAS1_Diag_360', 'SWR_ICAS1_Diag_361', 'SWR_ICAS1_Diag_364', 'SWR_ICAS1_Diag_367', 'SWR_ICAS1_Diag_363', 'SWR_ICAS1_Diag_366', 'SWR_ICAS1_GW_17931', 'SWR_ICAS1_GW_17936', 'SWR_ICAS1_GW_17942', 'SWR_ICAS1_GW_17943', 'SWR_ICAS1_GW_18267', 'SWR_ICAS1_GW_18269', 'SWR_ICAS1_Diag_196', 'SWR_ICAS1_Diag_16194', 'SWR_ICAS1_GW_168', 'SWR_ICAS1_Diag_2438', 'SWR_ICAS1_GW_271', 'SWR_ICAS1_GW_10580', 'SWR_ICAS1_GW_10581', 'SWR_ICAS1_GW_10582', 'SWR_ICAS1_GW_10584', 'SWR_ICAS1_GW_10585', 'SWR_ICAS1_GW_10586', 'SWR_ICAS1_GW_10588', 'SWR_ICAS1_GW_10589', 'SWR_ICAS1_GW_10590', 'SWR_ICAS1_GW_10587', 'SWR_ICAS1_Diag_258', 'SWR_ICAS1_Diag_16168', 'SWR_ICAS1_GW_179', 'SWR_ICAS1_Diag_2277', 'SWR_ICAS1_GW_2278', 'SWR_ICAS1_Diag_2375', 'SWR_ICAS1_GW_2403', 'SWR_ICAS1_Diag_2377', 'SWR_ICAS1_GW_2404', 'SWR_ICAS1_GW_1323', 'SWR_ICAS1_GW_1324', 'SWR_ICAS1_GW_1327', 'SWR_ICAS1_Diag_4659', 'SWR_ICAS1_GW_10592', 'SWR_ICAS1_GW_10593', 'SWR_ICAS1_GW_10594', 'SWR_ICAS1_GW_10595', 'SWR_ICAS1_GW_10596', 'SWR_ICAS1_Diag_10791', 'SWR_ICAS1_GW_10599', 'SWR_ICAS1_GW_10597', 'SWR_ICAS1_GW_10598', 'SWR_ICAS1_GW_10600', 'SWR_ICAS1_Diag_11243', 'SWR_ICAS1_GW_10426', 'SWR_ICAS1_GW_10429', 'SWR_ICAS1_GW_10428', 'SWR_ICAS1_GW_10427', 'SWR_ICAS1_Diag_2349', 'SWR_ICAS1_GW_2364', 'SWR_ICAS1_Diag_2355', 'SWR_ICAS1_GW_2363', 'SWR_ICAS1_GW_7146', 'SWR_ICAS1_GW_19881', 'SWR_ICAS1_GW_19883', 'SWR_ICAS1_GW_19885', 'SWR_ICAS1_GW_10496', 'SWR_ICAS1_GW_19887', 'SWR_ICAS1_GW_10498', 'SWR_ICAS1_GW_10499', 'SWR_ICAS1_GW_10500', 'SWR_ICAS1_GW_10548', 'SWR_ICAS1_GW_10549', 'SWR_ICAS1_GW_10550', 'SWR_ICAS1_GW_10565', 'SWR_ICAS1_GW_10566', 'SWR_ICAS1_GW_10568', 'SWR_ICAS1_GW_11995', 'SWR_ICAS1_GW_19916', 'SWR_ICAS1_GW_21713', 'SWR_ICAS1_GW_21714', 'SWR_ICAS1_GW_20753', 'SWR_ICAS1_GW_20901', 'SWR_ICAS1_GW_20902', 'SWR_ICAS1_GW_20427', 'SWR_ICAS1_L3_DK4_241', 'SWR_ICAS1_GW_7565', 'SWR_ICAS1_Diag_115', 'SWR_ICAS1_Diag_886', 'SWR_ICAS1_Diag_888', 'SWR_ICAS1_Diag_887', 'SWR_ICAS1_Diag_118', 'SWR_ICAS1_Diag_323', 'SWR_ICAS1_Diag_324', 'SWR_ICAS1_Diag_325', 'SWR_ICAS1_Diag_327', 'SWR_ICAS1_Diag_328']"""
SDDToolchain,Dev,ICAS,168,18,150,89.29,8,2,6,75.0,92,20,72,78.26,92,2,90,97.83,92,12,80,86.96,92,92,0,0.0,92,12,80,86.96,92,38,54,58.7,92,18,19.57,36,39.13,32,"""['SWR_ICAS1_RteLight_242', 'SWR_ICAS1_RteLight_243', 'SWR_ICAS1_RteLight_309', 'SWR_ICAS1_RteLight_239', 'SWR_ICAS1_RteLight_240', 'SWR_ICAS1_RteLight_245', '', 'SWR_ICAS1_RteLight_302', 'SWR_ICAS1_RteLight_300', 'SWR_ICAS1_RteLight_303', 'SWR_ICAS1_RteLight_304', 'SWR_ICAS1_RteLight_306', 'SWR_ICAS1_RteLight_313', 'SWR_ICAS1_RteLight_287', 'SWR_ICAS1_RteLight_307', 'SWR_ICAS1_RteLight_297', 'SWR_ICAS1_RteLight_214', 'SWR_ICAS1_RteLight_282', 'SWR_ICAS1_RteLight_283', 'SWR_ICAS1_RteLight_284', 'SWR_ICAS1_RteLight_261', 'SWR_ICAS1_RteLight_317', 'SWR_ICAS1_RteLight_249', 'SWR_ICAS1_RteLight_250', 'SWR_ICAS1_RteLight_251', 'SWR_ICAS1_RteLight_253', 'SWR_ICAS1_RteLight_248', 'SWR_ICAS1_RteLight_246', 'SWR_ICAS1_RteLight_254', 'SWR_ICAS1_RteLight_288', 'SWR_ICAS1_RteLight_308', 'SWR_ICAS1_RteLight_286']"""
