level;type;description;file;line 
error;brief;brief description missing for symbol -> Std_ReturnType(* T_S_BapI_BAPHandlerData_PSO_ImExport_Functions::Rte_Call_NvmPim_GetErrorStatus) (NvM_RequestResultType *pRequestResult) - )(NvM_RequestResultType *pRequestResult) variable;D:/ICAS1_Repo/sw.sys.chorus_main_build/mc_sw/appl/BAP/base/c/inc/BAPHandler_PSO_ImExport.h;565
error;verification-criteria;verification criteria tag (description or <N/A>) missing for symbol -> static Std_ReturnType bapi_Handle_PSO_ImExport_verifyDataPointers - (T_S_BapI_BAPHandlerData_PSO_ImExport_Data *pso_ps, T_S_BapI_BAPHandlerData_PSO_ImExport_PSOUser *PSOUserBH_ps, const T_S_BapI_BAPHandlerData_PSO_ImExport_ParameterMap *const psoParameterMap_pa, T_S_NvM_BapHandler_PSO_ImExport *NvM_PSO_properties_pa, const T_S_NvM_BapHandler_PSO_ImExport *NvM_PSO_properties_default_pa, T_S_BapI_PSO_ImExport_PSO_Data *psoData_pa, uint8 *data_pa, const T_S_BapI_BAPHandlerData_PSO_ImExport_Functions *f_ps) function;D:/ICAS1_Repo/sw.sys.chorus_main_build/mc_sw/appl/BAP/base/c/src/BAPHandler_PSO_ImExport.c;104
warning;trace;tag @designdecision is deprecated. Use @designdecision{justficiation} for symbol -> static Std_ReturnType bapi_Handle_PSO_ImExport_verifyDataPointers - (T_S_BapI_BAPHandlerData_PSO_ImExport_Data *pso_ps, T_S_BapI_BAPHandlerData_PSO_ImExport_PSOUser *PSOUserBH_ps, const T_S_BapI_BAPHandlerData_PSO_ImExport_ParameterMap *const psoParameterMap_pa, T_S_NvM_BapHandler_PSO_ImExport *NvM_PSO_properties_pa, const T_S_NvM_BapHandler_PSO_ImExport *NvM_PSO_properties_default_pa, T_S_BapI_PSO_ImExport_PSO_Data *psoData_pa, uint8 *data_pa, const T_S_BapI_BAPHandlerData_PSO_ImExport_Functions *f_ps) function;D:/ICAS1_Repo/sw.sys.chorus_main_build/mc_sw/appl/BAP/base/c/src/BAPHandler_PSO_ImExport.c;104
error;verification-criteria;verification criteria tag (description or <N/A>) missing for symbol -> static Std_ReturnType bapi_Handle_PSO_ImExport_verifyFunctionPointers - (const T_S_BapI_BAPHandlerData_PSO_ImExport_Functions *const f_ps) function;D:/ICAS1_Repo/sw.sys.chorus_main_build/mc_sw/appl/BAP/base/c/src/BAPHandler_PSO_ImExport.c;110
warning;trace;tag @designdecision is deprecated. Use @designdecision{justficiation} for symbol -> static Std_ReturnType bapi_Handle_PSO_ImExport_verifyFunctionPointers - (const T_S_BapI_BAPHandlerData_PSO_ImExport_Functions *const f_ps) function;D:/ICAS1_Repo/sw.sys.chorus_main_build/mc_sw/appl/BAP/base/c/src/BAPHandler_PSO_ImExport.c;110
error;verification-criteria;verification criteria tag (description or <N/A>) missing for symbol -> static Std_ReturnType bapi_PSO_ImExport_exportDirtyParameters - (T_S_BapI_PSO_ImExport_MsgData *msgData_ps, T_S_BapI_BAPHandlerData_PSO_ImExport_Data *BH_PSO_ImExport_Data_ps) function;D:/ICAS1_Repo/sw.sys.chorus_main_build/mc_sw/appl/BAP/base/c/src/BAPHandler_PSO_ImExport.c;111
error;verification-criteria;verification criteria tag (description or <N/A>) missing for symbol -> static Std_ReturnType bapi_PSO_ImExport_exportAllParameters - (T_S_BapI_PSO_ImExport_MsgData *msgData_ps, T_S_BapI_BAPHandlerData_PSO_ImExport_Data *BH_PSO_ImExport_Data_ps) function;D:/ICAS1_Repo/sw.sys.chorus_main_build/mc_sw/appl/BAP/base/c/src/BAPHandler_PSO_ImExport.c;112
error;verification-criteria;verification criteria tag (description or <N/A>) missing for symbol -> static Std_ReturnType bapi_PSO_ImExport_importParameters - (T_S_BapI_PSO_ImExport_MsgData *msgData_ps, const uint8 *psoData_pu8, uint16 psoDataLength_u16, T_S_BapI_BAPHandlerData_PSO_ImExport_Data *BH_PSO_ImExport_Data_ps) function;D:/ICAS1_Repo/sw.sys.chorus_main_build/mc_sw/appl/BAP/base/c/src/BAPHandler_PSO_ImExport.c;113
error;verification-criteria;verification criteria tag (description or <N/A>) missing for symbol -> static Std_ReturnType bapi_BAPHandler_PSOUser_UpdateControlCommand - (T_S_BapI_BAPHandlerData_PSO_ImExport_Data *BH_PSO_ImExport_Data_ps) function;D:/ICAS1_Repo/sw.sys.chorus_main_build/mc_sw/appl/BAP/base/c/src/BAPHandler_PSO_ImExport.c;115
error;verification-criteria;verification criteria tag (description or <N/A>) missing for symbol -> static Std_ReturnType bapi_BAPHandler_PSOUser_ResetAllAccounts - (T_S_BapI_BAPHandlerData_PSO_ImExport_Data *BH_PSO_ImExport_Data_ps) function;D:/ICAS1_Repo/sw.sys.chorus_main_build/mc_sw/appl/BAP/base/c/src/BAPHandler_PSO_ImExport.c;116
error;verification-criteria;verification criteria tag (description or <N/A>) missing for symbol -> static Std_ReturnType bapi_BAPHandler_PSOUser_ResetActiveAccount - (T_S_BapI_BAPHandlerData_PSO_ImExport_Data *BH_PSO_ImExport_Data_ps) function;D:/ICAS1_Repo/sw.sys.chorus_main_build/mc_sw/appl/BAP/base/c/src/BAPHandler_PSO_ImExport.c;117
error;verification-criteria;verification criteria tag (description or <N/A>) missing for symbol -> static Std_ReturnType bapi_BAPHandler_PSOUser_CopyActiveToTargetAccount - (T_S_BapI_BAPHandlerData_PSO_ImExport_Data *BH_PSO_ImExport_Data_ps) function;D:/ICAS1_Repo/sw.sys.chorus_main_build/mc_sw/appl/BAP/base/c/src/BAPHandler_PSO_ImExport.c;118
error;verification-criteria;verification criteria tag (description or <N/A>) missing for symbol -> static Std_ReturnType bapi_BAPHandler_PSOUser_ResetTargetAccount - (T_S_BapI_BAPHandlerData_PSO_ImExport_Data *BH_PSO_ImExport_Data_ps) function;D:/ICAS1_Repo/sw.sys.chorus_main_build/mc_sw/appl/BAP/base/c/src/BAPHandler_PSO_ImExport.c;119
error;verification-criteria;verification criteria tag (description or <N/A>) missing for symbol -> static Std_ReturnType bapi_PSO_ImExport_processDirtyNotifications - (T_S_BapI_BAPHandlerData_PSO_ImExport_Data *BH_PSO_ImExport_Data_ps) function;D:/ICAS1_Repo/sw.sys.chorus_main_build/mc_sw/appl/BAP/base/c/src/BAPHandler_PSO_ImExport.c;120
warning;trace;tag @designdecision is deprecated. Use @designdecision{justficiation} for symbol -> static Std_ReturnType bapi_PSO_ImExport_processDirtyNotifications - (T_S_BapI_BAPHandlerData_PSO_ImExport_Data *BH_PSO_ImExport_Data_ps) function;D:/ICAS1_Repo/sw.sys.chorus_main_build/mc_sw/appl/BAP/base/c/src/BAPHandler_PSO_ImExport.c;120
error;verification-criteria;verification criteria tag (description or <N/A>) missing for symbol -> static boolean bapi_PSO_ImExport_identifyDirtyToNotifyParameters - (const uint8 slot_u8, T_S_BapI_BAPHandlerData_PSO_ImExport_Data *BH_PSO_ImExport_Data_ps) function;D:/ICAS1_Repo/sw.sys.chorus_main_build/mc_sw/appl/BAP/base/c/src/BAPHandler_PSO_ImExport.c;121
warning;trace;tag @designdecision is deprecated. Use @designdecision{justficiation} for symbol -> static boolean bapi_PSO_ImExport_identifyDirtyToNotifyParameters - (const uint8 slot_u8, T_S_BapI_BAPHandlerData_PSO_ImExport_Data *BH_PSO_ImExport_Data_ps) function;D:/ICAS1_Repo/sw.sys.chorus_main_build/mc_sw/appl/BAP/base/c/src/BAPHandler_PSO_ImExport.c;121
error;verification-criteria;verification criteria tag (description or <N/A>) missing for symbol -> static Std_ReturnType bapi_PSO_ImExport_setNotifiedDirtyParameters - (const uint8 slot_u8, T_S_BapI_BAPHandlerData_PSO_ImExport_PSOParameter *psoParam_ps) function;D:/ICAS1_Repo/sw.sys.chorus_main_build/mc_sw/appl/BAP/base/c/src/BAPHandler_PSO_ImExport.c;122
warning;trace;tag @designdecision is deprecated. Use @designdecision{justficiation} for symbol -> static Std_ReturnType bapi_PSO_ImExport_setNotifiedDirtyParameters - (const uint8 slot_u8, T_S_BapI_BAPHandlerData_PSO_ImExport_PSOParameter *psoParam_ps) function;D:/ICAS1_Repo/sw.sys.chorus_main_build/mc_sw/appl/BAP/base/c/src/BAPHandler_PSO_ImExport.c;122
error;verification-criteria;verification criteria tag (description or <N/A>) missing for symbol -> static Std_ReturnType bapi_PSO_ImExport_processFunctionListChangeNotifications - (T_S_BapI_BAPHandlerData_PSO_ImExport_Data *BH_PSO_ImExport_Data_ps) function;D:/ICAS1_Repo/sw.sys.chorus_main_build/mc_sw/appl/BAP/base/c/src/BAPHandler_PSO_ImExport.c;123
error;verification-criteria;verification criteria tag (description or <N/A>) missing for symbol -> static Std_ReturnType bapi_PSO_ImExport_verifyPSOparametersAvailability - (T_S_BapI_BAPHandlerData_PSO_ImExport_Data *BH_PSO_ImExport_Data_ps, uint8 *modifiedAvailability_pu8) function;D:/ICAS1_Repo/sw.sys.chorus_main_build/mc_sw/appl/BAP/base/c/src/BAPHandler_PSO_ImExport.c;124
error;verification-criteria;verification criteria tag (description or <N/A>) missing for symbol -> static T_E_BapI_ATN_Functionality_State bapi_BAPHandler_getATN_FunctionalityStatus - (T_S_BapI_BAPHandlerData_PSO_ImExport_Data *BH_PSO_ImExport_Data_ps) function;D:/ICAS1_Repo/sw.sys.chorus_main_build/mc_sw/appl/BAP/base/c/src/BAPHandler_PSO_ImExport.c;126
warning;trace;tag @designdecision is deprecated. Use @designdecision{justficiation} for symbol -> static T_E_BapI_ATN_Functionality_State bapi_BAPHandler_getATN_FunctionalityStatus - (T_S_BapI_BAPHandlerData_PSO_ImExport_Data *BH_PSO_ImExport_Data_ps) function;D:/ICAS1_Repo/sw.sys.chorus_main_build/mc_sw/appl/BAP/base/c/src/BAPHandler_PSO_ImExport.c;126
error;verification-criteria;verification criteria tag (description or <N/A>) missing for symbol -> static Std_ReturnType bapi_PSO_ImExport_validate_IAA_PSO_Status - (const T_S_BapI_BAPHandlerData_PSO_ImExport_Functions *func) function;D:/ICAS1_Repo/sw.sys.chorus_main_build/mc_sw/appl/BAP/base/c/src/BAPHandler_PSO_ImExport.c;127
warning;trace;tag @designdecision is deprecated. Use @designdecision{justficiation} for symbol -> static Std_ReturnType bapi_PSO_ImExport_validate_IAA_PSO_Status - (const T_S_BapI_BAPHandlerData_PSO_ImExport_Functions *func) function;D:/ICAS1_Repo/sw.sys.chorus_main_build/mc_sw/appl/BAP/base/c/src/BAPHandler_PSO_ImExport.c;127
error;verification-criteria;verification criteria tag (description or <N/A>) missing for symbol -> static T_E_BapI_PSO_ImExport_s_KL_15_State bapi_PSO_ImExport_validate_s_KL_15_Status - (T_S_BapI_BAPHandlerData_PSO_ImExport_Data *BH_PSO_ImExport_Data_ps) function;D:/ICAS1_Repo/sw.sys.chorus_main_build/mc_sw/appl/BAP/base/c/src/BAPHandler_PSO_ImExport.c;128
warning;trace;tag @designdecision is deprecated. Use @designdecision{justficiation} for symbol -> static T_E_BapI_PSO_ImExport_s_KL_15_State bapi_PSO_ImExport_validate_s_KL_15_Status - (T_S_BapI_BAPHandlerData_PSO_ImExport_Data *BH_PSO_ImExport_Data_ps) function;D:/ICAS1_Repo/sw.sys.chorus_main_build/mc_sw/appl/BAP/base/c/src/BAPHandler_PSO_ImExport.c;128
error;verification-criteria;verification criteria tag (description or <N/A>) missing for symbol -> static boolean bapi_PSO_ImExport_identifyNewSession - (T_S_BapI_PSO_ImExport_MsgData *msgData_ps, T_S_BapI_BAPHandlerData_PSO_ImExport_Data *BH_PSO_ImExport_Data_ps) function;D:/ICAS1_Repo/sw.sys.chorus_main_build/mc_sw/appl/BAP/base/c/src/BAPHandler_PSO_ImExport.c;129
warning;trace;tag @designdecision is deprecated. Use @designdecision{justficiation} for symbol -> static boolean bapi_PSO_ImExport_identifyNewSession - (T_S_BapI_PSO_ImExport_MsgData *msgData_ps, T_S_BapI_BAPHandlerData_PSO_ImExport_Data *BH_PSO_ImExport_Data_ps) function;D:/ICAS1_Repo/sw.sys.chorus_main_build/mc_sw/appl/BAP/base/c/src/BAPHandler_PSO_ImExport.c;129
error;verification-criteria;verification criteria tag (description or <N/A>) missing for symbol -> static boolean bapi_PSO_ImExport_cancelOtherSession - (T_S_BapI_PSO_ImExport_MsgData *msgData_ps, T_S_BapI_BAPHandlerData_PSO_ImExport_Data *BH_PSO_ImExport_Data_ps) function;D:/ICAS1_Repo/sw.sys.chorus_main_build/mc_sw/appl/BAP/base/c/src/BAPHandler_PSO_ImExport.c;130
warning;trace;tag @designdecision is deprecated. Use @designdecision{justficiation} for symbol -> static boolean bapi_PSO_ImExport_cancelOtherSession - (T_S_BapI_PSO_ImExport_MsgData *msgData_ps, T_S_BapI_BAPHandlerData_PSO_ImExport_Data *BH_PSO_ImExport_Data_ps) function;D:/ICAS1_Repo/sw.sys.chorus_main_build/mc_sw/appl/BAP/base/c/src/BAPHandler_PSO_ImExport.c;130
error;verification-criteria;verification criteria tag (description or <N/A>) missing for symbol -> static boolean bapi_PSO_ImExport_identifyFinishedSession - (T_S_BapI_PSO_ImExport_MsgData *msgData_ps, T_S_BapI_BAPHandlerData_PSO_ImExport_Data *BH_PSO_ImExport_Data_ps) function;D:/ICAS1_Repo/sw.sys.chorus_main_build/mc_sw/appl/BAP/base/c/src/BAPHandler_PSO_ImExport.c;131
warning;trace;tag @designdecision is deprecated. Use @designdecision{justficiation} for symbol -> static boolean bapi_PSO_ImExport_identifyFinishedSession - (T_S_BapI_PSO_ImExport_MsgData *msgData_ps, T_S_BapI_BAPHandlerData_PSO_ImExport_Data *BH_PSO_ImExport_Data_ps) function;D:/ICAS1_Repo/sw.sys.chorus_main_build/mc_sw/appl/BAP/base/c/src/BAPHandler_PSO_ImExport.c;131
error;verification-criteria;verification criteria tag (description or <N/A>) missing for symbol -> static Std_ReturnType bapi_PSO_ImExport_identifyDirtyToSendParameters - (const uint8 slot_u8, T_S_BapI_BAPHandlerData_PSO_ImExport_Data *BH_PSO_ImExport_Data_ps) function;D:/ICAS1_Repo/sw.sys.chorus_main_build/mc_sw/appl/BAP/base/c/src/BAPHandler_PSO_ImExport.c;132
warning;trace;tag @designdecision is deprecated. Use @designdecision{justficiation} for symbol -> static Std_ReturnType bapi_PSO_ImExport_identifyDirtyToSendParameters - (const uint8 slot_u8, T_S_BapI_BAPHandlerData_PSO_ImExport_Data *BH_PSO_ImExport_Data_ps) function;D:/ICAS1_Repo/sw.sys.chorus_main_build/mc_sw/appl/BAP/base/c/src/BAPHandler_PSO_ImExport.c;132
error;verification-criteria;verification criteria tag (description or <N/A>) missing for symbol -> static Std_ReturnType bapi_PSO_ImExport_identifyExportToSendParameters - (T_S_BapI_BAPHandlerData_PSO_ImExport_Data *BH_PSO_ImExport_Data_ps) function;D:/ICAS1_Repo/sw.sys.chorus_main_build/mc_sw/appl/BAP/base/c/src/BAPHandler_PSO_ImExport.c;133
warning;trace;tag @designdecision is deprecated. Use @designdecision{justficiation} for symbol -> static Std_ReturnType bapi_PSO_ImExport_identifyExportToSendParameters - (T_S_BapI_BAPHandlerData_PSO_ImExport_Data *BH_PSO_ImExport_Data_ps) function;D:/ICAS1_Repo/sw.sys.chorus_main_build/mc_sw/appl/BAP/base/c/src/BAPHandler_PSO_ImExport.c;133
error;verification-criteria;verification criteria tag (description or <N/A>) missing for symbol -> static Std_ReturnType bapi_PSO_ImExport_clearSendParameters - (const uint8 slot_u8, T_S_BapI_PSO_ImExport_MsgData *msgData_ps, T_S_BapI_BAPHandlerData_PSO_ImExport_Data *BH_PSO_ImExport_Data_ps) function;D:/ICAS1_Repo/sw.sys.chorus_main_build/mc_sw/appl/BAP/base/c/src/BAPHandler_PSO_ImExport.c;134
warning;trace;tag @designdecision is deprecated. Use @designdecision{justficiation} for symbol -> static Std_ReturnType bapi_PSO_ImExport_clearSendParameters - (const uint8 slot_u8, T_S_BapI_PSO_ImExport_MsgData *msgData_ps, T_S_BapI_BAPHandlerData_PSO_ImExport_Data *BH_PSO_ImExport_Data_ps) function;D:/ICAS1_Repo/sw.sys.chorus_main_build/mc_sw/appl/BAP/base/c/src/BAPHandler_PSO_ImExport.c;134
error;verification-criteria;verification criteria tag (description or <N/A>) missing for symbol -> static Std_ReturnType bapi_PSO_ImExport_clearPsoDataBuffer - (T_S_BapI_BAPHandlerData_PSO_ImExport_Buffers *psoData_ps) function;D:/ICAS1_Repo/sw.sys.chorus_main_build/mc_sw/appl/BAP/base/c/src/BAPHandler_PSO_ImExport.c;136
warning;trace;tag @designdecision is deprecated. Use @designdecision{justficiation} for symbol -> static Std_ReturnType bapi_PSO_ImExport_clearPsoDataBuffer - (T_S_BapI_BAPHandlerData_PSO_ImExport_Buffers *psoData_ps) function;D:/ICAS1_Repo/sw.sys.chorus_main_build/mc_sw/appl/BAP/base/c/src/BAPHandler_PSO_ImExport.c;136
error;verification-criteria;verification criteria tag (description or <N/A>) missing for symbol -> static Std_ReturnType bapi_PSO_ImExport_clearImExportDataBuffer - (T_S_BapI_BAPHandlerData_PSO_ImExport_Buffers *data_ps) function;D:/ICAS1_Repo/sw.sys.chorus_main_build/mc_sw/appl/BAP/base/c/src/BAPHandler_PSO_ImExport.c;137
warning;trace;tag @designdecision is deprecated. Use @designdecision{justficiation} for symbol -> static Std_ReturnType bapi_PSO_ImExport_clearImExportDataBuffer - (T_S_BapI_BAPHandlerData_PSO_ImExport_Buffers *data_ps) function;D:/ICAS1_Repo/sw.sys.chorus_main_build/mc_sw/appl/BAP/base/c/src/BAPHandler_PSO_ImExport.c;137
error;verification-criteria;verification criteria tag (description or <N/A>) missing for symbol -> static Std_ReturnType bapi_PSO_ImExport_copyPSO_SlotData - (T_S_NvM_BapHandler_PSO_ImExport *psoData_ps, const uint16 psoData_elements_u16, const uint8 targetSlot_u8, const uint8 sourceSlot_u8) function;D:/ICAS1_Repo/sw.sys.chorus_main_build/mc_sw/appl/BAP/base/c/src/BAPHandler_PSO_ImExport.c;138
warning;trace;tag @designdecision is deprecated. Use @designdecision{justficiation} for symbol -> static Std_ReturnType bapi_PSO_ImExport_copyPSO_SlotData - (T_S_NvM_BapHandler_PSO_ImExport *psoData_ps, const uint16 psoData_elements_u16, const uint8 targetSlot_u8, const uint8 sourceSlot_u8) function;D:/ICAS1_Repo/sw.sys.chorus_main_build/mc_sw/appl/BAP/base/c/src/BAPHandler_PSO_ImExport.c;138
error;verification-criteria;verification criteria tag (description or <N/A>) missing for symbol -> static Std_ReturnType bapi_PSO_ImExport_copyAndModifyPSO_SlotData - (T_S_NvM_BapHandler_PSO_ImExport *psoData_ps, const uint16 psoData_elements_u16, const uint8 targetSlot_u8, const uint8 sourceSlot_u8) function;D:/ICAS1_Repo/sw.sys.chorus_main_build/mc_sw/appl/BAP/base/c/src/BAPHandler_PSO_ImExport.c;139
warning;trace;tag @designdecision is deprecated. Use @designdecision{justficiation} for symbol -> static Std_ReturnType bapi_PSO_ImExport_copyAndModifyPSO_SlotData - (T_S_NvM_BapHandler_PSO_ImExport *psoData_ps, const uint16 psoData_elements_u16, const uint8 targetSlot_u8, const uint8 sourceSlot_u8) function;D:/ICAS1_Repo/sw.sys.chorus_main_build/mc_sw/appl/BAP/base/c/src/BAPHandler_PSO_ImExport.c;139
error;verification-criteria;verification criteria tag (description or <N/A>) missing for symbol -> static Std_ReturnType bapi_PSO_ImExport_loadPSO_SlotData - (T_S_BapI_BAPHandlerData_PSO_ImExport_PSOParameter *psoParam_ps, const uint8 sourceSlot_u8) function;D:/ICAS1_Repo/sw.sys.chorus_main_build/mc_sw/appl/BAP/base/c/src/BAPHandler_PSO_ImExport.c;140
warning;trace;tag @designdecision is deprecated. Use @designdecision{justficiation} for symbol -> static Std_ReturnType bapi_PSO_ImExport_loadPSO_SlotData - (T_S_BapI_BAPHandlerData_PSO_ImExport_PSOParameter *psoParam_ps, const uint8 sourceSlot_u8) function;D:/ICAS1_Repo/sw.sys.chorus_main_build/mc_sw/appl/BAP/base/c/src/BAPHandler_PSO_ImExport.c;140
error;verification-criteria;verification criteria tag (description or <N/A>) missing for symbol -> static Std_ReturnType bapi_PSO_ImExport_setPSO_SlotDataFlags - (T_S_NvM_BapHandler_PSO_ImExport *psoData_ps, uint8 isDefaultFlag_u2, uint8 isDirtyFlag_u2, uint8 isSynchronizedFlag_u2) function;D:/ICAS1_Repo/sw.sys.chorus_main_build/mc_sw/appl/BAP/base/c/src/BAPHandler_PSO_ImExport.c;141
warning;trace;tag @designdecision is deprecated. Use @designdecision{justficiation} for symbol -> static Std_ReturnType bapi_PSO_ImExport_setPSO_SlotDataFlags - (T_S_NvM_BapHandler_PSO_ImExport *psoData_ps, uint8 isDefaultFlag_u2, uint8 isDirtyFlag_u2, uint8 isSynchronizedFlag_u2) function;D:/ICAS1_Repo/sw.sys.chorus_main_build/mc_sw/appl/BAP/base/c/src/BAPHandler_PSO_ImExport.c;141
error;verification-criteria;verification criteria tag (description or <N/A>) missing for symbol -> static Std_ReturnType bapi_PSO_ImExport_normalizeDirtyFlag - (T_S_NvM_BapHandler_PSO_Flags *flag_ps) function;D:/ICAS1_Repo/sw.sys.chorus_main_build/mc_sw/appl/BAP/base/c/src/BAPHandler_PSO_ImExport.c;142
warning;trace;tag @designdecision is deprecated. Use @designdecision{justficiation} for symbol -> static Std_ReturnType bapi_PSO_ImExport_normalizeDirtyFlag - (T_S_NvM_BapHandler_PSO_Flags *flag_ps) function;D:/ICAS1_Repo/sw.sys.chorus_main_build/mc_sw/appl/BAP/base/c/src/BAPHandler_PSO_ImExport.c;142
error;verification-criteria;verification criteria tag (description or <N/A>) missing for symbol -> static Std_ReturnType bapi_PSO_ImExport_normalizeDirtyFlagsForSlots - (T_S_BapI_BAPHandlerData_PSO_ImExport_Data *BH_PSO_ImExport_Data_ps) function;D:/ICAS1_Repo/sw.sys.chorus_main_build/mc_sw/appl/BAP/base/c/src/BAPHandler_PSO_ImExport.c;143
warning;trace;tag @designdecision is deprecated. Use @designdecision{justficiation} for symbol -> static Std_ReturnType bapi_PSO_ImExport_normalizeDirtyFlagsForSlots - (T_S_BapI_BAPHandlerData_PSO_ImExport_Data *BH_PSO_ImExport_Data_ps) function;D:/ICAS1_Repo/sw.sys.chorus_main_build/mc_sw/appl/BAP/base/c/src/BAPHandler_PSO_ImExport.c;143
error;verification-criteria;verification criteria tag (description or <N/A>) missing for symbol -> static Std_ReturnType bapi_PSO_ImExport_readIndicationHeader - (const uint8 *const data_pu8, const uint16 dataLen_u16, T_S_BapI_PSO_ImExport_MsgData *msgData_ps) function;D:/ICAS1_Repo/sw.sys.chorus_main_build/mc_sw/appl/BAP/base/c/src/BAPHandler_PSO_ImExport.c;144
warning;trace;tag @designdecision is deprecated. Use @designdecision{justficiation} for symbol -> static Std_ReturnType bapi_PSO_ImExport_readIndicationHeader - (const uint8 *const data_pu8, const uint16 dataLen_u16, T_S_BapI_PSO_ImExport_MsgData *msgData_ps) function;D:/ICAS1_Repo/sw.sys.chorus_main_build/mc_sw/appl/BAP/base/c/src/BAPHandler_PSO_ImExport.c;144
error;verification-criteria;verification criteria tag (description or <N/A>) missing for symbol -> static Std_ReturnType bapi_PSO_ImExport_readTransactionHeader - (const uint8 *const data_pu8, const uint16 dataLen_u16, T_S_BapI_PSO_ImExport_MsgData *msgData_ps) function;D:/ICAS1_Repo/sw.sys.chorus_main_build/mc_sw/appl/BAP/base/c/src/BAPHandler_PSO_ImExport.c;145
warning;trace;tag @designdecision is deprecated. Use @designdecision{justficiation} for symbol -> static Std_ReturnType bapi_PSO_ImExport_readTransactionHeader - (const uint8 *const data_pu8, const uint16 dataLen_u16, T_S_BapI_PSO_ImExport_MsgData *msgData_ps) function;D:/ICAS1_Repo/sw.sys.chorus_main_build/mc_sw/appl/BAP/base/c/src/BAPHandler_PSO_ImExport.c;145
error;verification-criteria;verification criteria tag (description or <N/A>) missing for symbol -> static Std_ReturnType bapi_PSO_ImExport_readArrayHeader - (const uint8 *const data_pu8, const uint16 dataLen_u16, T_S_BapI_PSO_ImExport_MsgData *msgData_ps) function;D:/ICAS1_Repo/sw.sys.chorus_main_build/mc_sw/appl/BAP/base/c/src/BAPHandler_PSO_ImExport.c;146
warning;trace;tag @designdecision is deprecated. Use @designdecision{justficiation} for symbol -> static Std_ReturnType bapi_PSO_ImExport_readArrayHeader - (const uint8 *const data_pu8, const uint16 dataLen_u16, T_S_BapI_PSO_ImExport_MsgData *msgData_ps) function;D:/ICAS1_Repo/sw.sys.chorus_main_build/mc_sw/appl/BAP/base/c/src/BAPHandler_PSO_ImExport.c;146
error;verification-criteria;verification criteria tag (description or <N/A>) missing for symbol -> static BapError_et bapi_PSO_ImExport_validateHeaders - (BapIndication_et indType, T_S_BapI_PSO_ImExport_MsgData *msgData_ps) function;D:/ICAS1_Repo/sw.sys.chorus_main_build/mc_sw/appl/BAP/base/c/src/BAPHandler_PSO_ImExport.c;147
warning;trace;tag @designdecision is deprecated. Use @designdecision{justficiation} for symbol -> static BapError_et bapi_PSO_ImExport_validateHeaders - (BapIndication_et indType, T_S_BapI_PSO_ImExport_MsgData *msgData_ps) function;D:/ICAS1_Repo/sw.sys.chorus_main_build/mc_sw/appl/BAP/base/c/src/BAPHandler_PSO_ImExport.c;147
error;verification-criteria;verification criteria tag (description or <N/A>) missing for symbol -> static BapError_et bapi_PSO_ImExport_validateHeaderOperation - (BapIndication_et indType, const uint8 operation_u8) function;D:/ICAS1_Repo/sw.sys.chorus_main_build/mc_sw/appl/BAP/base/c/src/BAPHandler_PSO_ImExport.c;148
error;verification-criteria;verification criteria tag (description or <N/A>) missing for symbol -> static BapError_et bapi_PSO_ImExport_validateHeaderType - (BapIndication_et indType, const uint8 type_u8) function;D:/ICAS1_Repo/sw.sys.chorus_main_build/mc_sw/appl/BAP/base/c/src/BAPHandler_PSO_ImExport.c;149
error;verification-criteria;verification criteria tag (description or <N/A>) missing for symbol -> static BapError_et bapi_PSO_ImExport_validateHeaderSlot - (BapIndication_et indType, const uint8 slot_u8) function;D:/ICAS1_Repo/sw.sys.chorus_main_build/mc_sw/appl/BAP/base/c/src/BAPHandler_PSO_ImExport.c;150
error;verification-criteria;verification criteria tag (description or <N/A>) missing for symbol -> static BapError_et bapi_PSO_ImExport_validateArrayHeader - (BapIndication_et indType, T_S_BapI_PSO_ImExport_MsgData *msgData_ps) function;D:/ICAS1_Repo/sw.sys.chorus_main_build/mc_sw/appl/BAP/base/c/src/BAPHandler_PSO_ImExport.c;151
error;verification-criteria;verification criteria tag (description or <N/A>) missing for symbol -> static Std_ReturnType bapi_PSO_ImExport_readParametersData - (const uint8 *buffer_pu8, const uint16 bufferLen_u16, const T_S_BapI_PSO_ImExport_ArrayHeader *const arrayHeader_ps, T_S_BapI_BAPHandlerData_PSO_ImExport_Buffers *buf_ps) function;D:/ICAS1_Repo/sw.sys.chorus_main_build/mc_sw/appl/BAP/base/c/src/BAPHandler_PSO_ImExport.c;152
warning;trace;tag @designdecision is deprecated. Use @designdecision{justficiation} for symbol -> static Std_ReturnType bapi_PSO_ImExport_readParametersData - (const uint8 *buffer_pu8, const uint16 bufferLen_u16, const T_S_BapI_PSO_ImExport_ArrayHeader *const arrayHeader_ps, T_S_BapI_BAPHandlerData_PSO_ImExport_Buffers *buf_ps) function;D:/ICAS1_Repo/sw.sys.chorus_main_build/mc_sw/appl/BAP/base/c/src/BAPHandler_PSO_ImExport.c;152
error;verification-criteria;verification criteria tag (description or <N/A>) missing for symbol -> static Std_ReturnType bapi_PSO_ImExport_read_PSOData_uint8 - (uint8 *data_pu8, const uint8 *bufData_pu8, const uint16 bufferLen_u16, uint16 *readBytes_pu16) function;D:/ICAS1_Repo/sw.sys.chorus_main_build/mc_sw/appl/BAP/base/c/src/BAPHandler_PSO_ImExport.c;155
warning;trace;tag @designdecision is deprecated. Use @designdecision{justficiation} for symbol -> static Std_ReturnType bapi_PSO_ImExport_read_PSOData_uint8 - (uint8 *data_pu8, const uint8 *bufData_pu8, const uint16 bufferLen_u16, uint16 *readBytes_pu16) function;D:/ICAS1_Repo/sw.sys.chorus_main_build/mc_sw/appl/BAP/base/c/src/BAPHandler_PSO_ImExport.c;155
error;verification-criteria;verification criteria tag (description or <N/A>) missing for symbol -> static Std_ReturnType bapi_PSO_ImExport_read_PSOData_uint32 - (uint32 *data_pu32, const uint8 *bufData_pu8, const uint16 bufferLen_u16, uint16 *readBytes_pu16) function;D:/ICAS1_Repo/sw.sys.chorus_main_build/mc_sw/appl/BAP/base/c/src/BAPHandler_PSO_ImExport.c;156
warning;trace;tag @designdecision is deprecated. Use @designdecision{justficiation} for symbol -> static Std_ReturnType bapi_PSO_ImExport_read_PSOData_uint32 - (uint32 *data_pu32, const uint8 *bufData_pu8, const uint16 bufferLen_u16, uint16 *readBytes_pu16) function;D:/ICAS1_Repo/sw.sys.chorus_main_build/mc_sw/appl/BAP/base/c/src/BAPHandler_PSO_ImExport.c;156
error;verification-criteria;verification criteria tag (description or <N/A>) missing for symbol -> static Std_ReturnType bapi_PSO_ImExport_evaluateParameterTag - (const uint16 parameterIndex_u16, uint16 *foundParameterIndex_pu16, T_S_BapI_PSO_ImExport_PSO_Data_TransferStatus *transferStatus_ps, T_S_BapI_BAPHandlerData_PSO_ImExport_Data *BH_PSO_ImExport_Data_ps) function;D:/ICAS1_Repo/sw.sys.chorus_main_build/mc_sw/appl/BAP/base/c/src/BAPHandler_PSO_ImExport.c;157
error;verification-criteria;verification criteria tag (description or <N/A>) missing for symbol -> static boolean bapi_PSO_ImExport_isParameterIdValid - (const uint32 parameterId_u32, uint16 *foundParameterIndex_pu16, const T_S_BapI_BAPHandlerData_PSO_ImExport_PSOParameter *const psoParam_ps) function;D:/ICAS1_Repo/sw.sys.chorus_main_build/mc_sw/appl/BAP/base/c/src/BAPHandler_PSO_ImExport.c;160
error;verification-criteria;verification criteria tag (description or <N/A>) missing for symbol -> static boolean bapi_PSO_ImExport_isDataDescriptionValid - (const uint8 dataDescription_u8) function;D:/ICAS1_Repo/sw.sys.chorus_main_build/mc_sw/appl/BAP/base/c/src/BAPHandler_PSO_ImExport.c;162
error;verification-criteria;verification criteria tag (description or <N/A>) missing for symbol -> static boolean bapi_PSO_ImExport_isFactorySettingsSetValid - (const T_S_BapI_PSO_ImExport_PSO_Data *const psoData_ps) function;D:/ICAS1_Repo/sw.sys.chorus_main_build/mc_sw/appl/BAP/base/c/src/BAPHandler_PSO_ImExport.c;163
error;verification-criteria;verification criteria tag (description or <N/A>) missing for symbol -> static boolean bapi_PSO_ImExport_isDataLengthValid - (const uint32 dataLength_u32) function;D:/ICAS1_Repo/sw.sys.chorus_main_build/mc_sw/appl/BAP/base/c/src/BAPHandler_PSO_ImExport.c;164
error;verification-criteria;verification criteria tag (description or <N/A>) missing for symbol -> static boolean bapi_PSO_ImExport_isParameterValueValid - (const uint8 parameterValue_u8, const T_S_BapI_BAPHandlerData_PSO_ImExport_ParameterMap *const NvM_mapParam) function;D:/ICAS1_Repo/sw.sys.chorus_main_build/mc_sw/appl/BAP/base/c/src/BAPHandler_PSO_ImExport.c;165
error;return;return value not described for symbol -> static Std_ReturnType bapi_PSO_ImExport_evaluateImportState - (const uint16 parameterIndex_u16, T_S_BapI_PSO_ImExport_State *state_ps, T_S_BapI_PSO_ImExport_PSO_Data_TransferStatus *transferStatus_ps, T_S_BapI_BAPHandlerData_PSO_ImExport_Data *BH_PSO_ImExport_Data_ps);D:/ICAS1_Repo/sw.sys.chorus_main_build/mc_sw/appl/BAP/base/c/src/BAPHandler_PSO_ImExport.c;166
error;security;security rating missing for symbol -> static Std_ReturnType bapi_PSO_ImExport_evaluateImportState - (const uint16 parameterIndex_u16, T_S_BapI_PSO_ImExport_State *state_ps, T_S_BapI_PSO_ImExport_PSO_Data_TransferStatus *transferStatus_ps, T_S_BapI_BAPHandlerData_PSO_ImExport_Data *BH_PSO_ImExport_Data_ps) function;D:/ICAS1_Repo/sw.sys.chorus_main_build/mc_sw/appl/BAP/base/c/src/BAPHandler_PSO_ImExport.c;166
error;verification-criteria;verification criteria tag (description or <N/A>) missing for symbol -> static Std_ReturnType bapi_PSO_ImExport_evaluateImportState - (const uint16 parameterIndex_u16, T_S_BapI_PSO_ImExport_State *state_ps, T_S_BapI_PSO_ImExport_PSO_Data_TransferStatus *transferStatus_ps, T_S_BapI_BAPHandlerData_PSO_ImExport_Data *BH_PSO_ImExport_Data_ps) function;D:/ICAS1_Repo/sw.sys.chorus_main_build/mc_sw/appl/BAP/base/c/src/BAPHandler_PSO_ImExport.c;166
warning;trace;tag @designdecision is deprecated. Use @designdecision{justficiation} for symbol -> static Std_ReturnType bapi_PSO_ImExport_evaluateImportState - (const uint16 parameterIndex_u16, T_S_BapI_PSO_ImExport_State *state_ps, T_S_BapI_PSO_ImExport_PSO_Data_TransferStatus *transferStatus_ps, T_S_BapI_BAPHandlerData_PSO_ImExport_Data *BH_PSO_ImExport_Data_ps) function;D:/ICAS1_Repo/sw.sys.chorus_main_build/mc_sw/appl/BAP/base/c/src/BAPHandler_PSO_ImExport.c;166
error;test;No test cases linked or code review tag missing for symbol -> static Std_ReturnType bapi_PSO_ImExport_evaluateImportState - (const uint16 parameterIndex_u16, T_S_BapI_PSO_ImExport_State *state_ps, T_S_BapI_PSO_ImExport_PSO_Data_TransferStatus *transferStatus_ps, T_S_BapI_BAPHandlerData_PSO_ImExport_Data *BH_PSO_ImExport_Data_ps) function;D:/ICAS1_Repo/sw.sys.chorus_main_build/mc_sw/appl/BAP/base/c/src/BAPHandler_PSO_ImExport.c;166
error;verification-criteria;verification criteria tag (description or <N/A>) missing for symbol -> static Std_ReturnType bapi_PSO_ImExport_updateAllParameters - (uint8 slot_u8, T_S_BapI_PSO_ImExport_State *state_ps, T_S_BapI_BAPHandlerData_PSO_ImExport_Data *BH_PSO_ImExport_Data_ps) function;D:/ICAS1_Repo/sw.sys.chorus_main_build/mc_sw/appl/BAP/base/c/src/BAPHandler_PSO_ImExport.c;169
error;verification-criteria;verification criteria tag (description or <N/A>) missing for symbol -> static Std_ReturnType bapi_PSO_ImExport_updateParameter - (const uint8 slot_u8, const uint16 parameterIndex_u16, const uint16 foundParameterIndex_u16, const T_S_BapI_PSO_ImExport_PSO_Data_TransferStatus *const transferStatus_ps, T_S_BapI_BAPHandlerData_PSO_ImExport_Data *BH_PSO_ImExport_Data_ps) function;D:/ICAS1_Repo/sw.sys.chorus_main_build/mc_sw/appl/BAP/base/c/src/BAPHandler_PSO_ImExport.c;170
error;verification-criteria;verification criteria tag (description or <N/A>) missing for symbol -> static Std_ReturnType bapi_PSO_ImExport_setDefaultParameterData - (const uint8 slot_u8, T_S_NvM_BapHandler_PSO_ImExport *NvM_parameter_ps, const T_S_BapI_BAPHandlerData_PSO_ImExport_ParameterMap *const map_ps) function;D:/ICAS1_Repo/sw.sys.chorus_main_build/mc_sw/appl/BAP/base/c/src/BAPHandler_PSO_ImExport.c;173
warning;trace;tag @designdecision is deprecated. Use @designdecision{justficiation} for symbol -> static Std_ReturnType bapi_PSO_ImExport_setDefaultParameterData - (const uint8 slot_u8, T_S_NvM_BapHandler_PSO_ImExport *NvM_parameter_ps, const T_S_BapI_BAPHandlerData_PSO_ImExport_ParameterMap *const map_ps) function;D:/ICAS1_Repo/sw.sys.chorus_main_build/mc_sw/appl/BAP/base/c/src/BAPHandler_PSO_ImExport.c;173
error;test;No test cases linked or code review tag missing for symbol -> static Std_ReturnType bapi_PSO_ImExport_setDefaultParameterData - (const uint8 slot_u8, T_S_NvM_BapHandler_PSO_ImExport *NvM_parameter_ps, const T_S_BapI_BAPHandlerData_PSO_ImExport_ParameterMap *const map_ps) function;D:/ICAS1_Repo/sw.sys.chorus_main_build/mc_sw/appl/BAP/base/c/src/BAPHandler_PSO_ImExport.c;173
error;verification-criteria;verification criteria tag (description or <N/A>) missing for symbol -> static Std_ReturnType bapi_PSO_ImExport_updateParameterData - (const uint8 slot_u8, T_S_NvM_BapHandler_PSO_ImExport *NvM_parameter_ps, const uint8 data_u8) function;D:/ICAS1_Repo/sw.sys.chorus_main_build/mc_sw/appl/BAP/base/c/src/BAPHandler_PSO_ImExport.c;175
warning;trace;tag @designdecision is deprecated. Use @designdecision{justficiation} for symbol -> static Std_ReturnType bapi_PSO_ImExport_updateParameterData - (const uint8 slot_u8, T_S_NvM_BapHandler_PSO_ImExport *NvM_parameter_ps, const uint8 data_u8) function;D:/ICAS1_Repo/sw.sys.chorus_main_build/mc_sw/appl/BAP/base/c/src/BAPHandler_PSO_ImExport.c;175
error;verification-criteria;verification criteria tag (description or <N/A>) missing for symbol -> static Std_ReturnType bapi_PSO_ImExport_getParametersForSlot - (const uint8 slot_u8, T_S_BapI_PSO_ImExport_MsgData *msgData_ps, T_S_BapI_BAPHandlerData_PSO_ImExport_Data *BH_PSO_ImExport_Data_ps) function;D:/ICAS1_Repo/sw.sys.chorus_main_build/mc_sw/appl/BAP/base/c/src/BAPHandler_PSO_ImExport.c;176
warning;trace;tag @designdecision is deprecated. Use @designdecision{justficiation} for symbol -> static Std_ReturnType bapi_PSO_ImExport_getParametersForSlot - (const uint8 slot_u8, T_S_BapI_PSO_ImExport_MsgData *msgData_ps, T_S_BapI_BAPHandlerData_PSO_ImExport_Data *BH_PSO_ImExport_Data_ps) function;D:/ICAS1_Repo/sw.sys.chorus_main_build/mc_sw/appl/BAP/base/c/src/BAPHandler_PSO_ImExport.c;176
error;verification-criteria;verification criteria tag (description or <N/A>) missing for symbol -> static Std_ReturnType bapi_PSO_ImExport_putIndicationHeader - (const T_S_BapI_PSO_ImExport_IndicationHeader *const indicationHeader_ps, T_S_BapI_BAPHandlerData_PSO_ImExport_Buffers *buf_ps) function;D:/ICAS1_Repo/sw.sys.chorus_main_build/mc_sw/appl/BAP/base/c/src/BAPHandler_PSO_ImExport.c;178
warning;trace;tag @designdecision is deprecated. Use @designdecision{justficiation} for symbol -> static Std_ReturnType bapi_PSO_ImExport_putIndicationHeader - (const T_S_BapI_PSO_ImExport_IndicationHeader *const indicationHeader_ps, T_S_BapI_BAPHandlerData_PSO_ImExport_Buffers *buf_ps) function;D:/ICAS1_Repo/sw.sys.chorus_main_build/mc_sw/appl/BAP/base/c/src/BAPHandler_PSO_ImExport.c;178
error;verification-criteria;verification criteria tag (description or <N/A>) missing for symbol -> static Std_ReturnType bapi_PSO_ImExport_putStateHeader - (const T_S_BapI_PSO_ImExport_State *const state_ps, T_S_BapI_BAPHandlerData_PSO_ImExport_Buffers *buf_ps) function;D:/ICAS1_Repo/sw.sys.chorus_main_build/mc_sw/appl/BAP/base/c/src/BAPHandler_PSO_ImExport.c;179
warning;trace;tag @designdecision is deprecated. Use @designdecision{justficiation} for symbol -> static Std_ReturnType bapi_PSO_ImExport_putStateHeader - (const T_S_BapI_PSO_ImExport_State *const state_ps, T_S_BapI_BAPHandlerData_PSO_ImExport_Buffers *buf_ps) function;D:/ICAS1_Repo/sw.sys.chorus_main_build/mc_sw/appl/BAP/base/c/src/BAPHandler_PSO_ImExport.c;179
error;verification-criteria;verification criteria tag (description or <N/A>) missing for symbol -> static Std_ReturnType bapi_PSO_ImExport_putTransactionHeader - (const T_S_BapI_PSO_ImExport_TransactionHeader *const transactionHeader_ps, T_S_BapI_BAPHandlerData_PSO_ImExport_Buffers *buf_ps) function;D:/ICAS1_Repo/sw.sys.chorus_main_build/mc_sw/appl/BAP/base/c/src/BAPHandler_PSO_ImExport.c;180
warning;trace;tag @designdecision is deprecated. Use @designdecision{justficiation} for symbol -> static Std_ReturnType bapi_PSO_ImExport_putTransactionHeader - (const T_S_BapI_PSO_ImExport_TransactionHeader *const transactionHeader_ps, T_S_BapI_BAPHandlerData_PSO_ImExport_Buffers *buf_ps) function;D:/ICAS1_Repo/sw.sys.chorus_main_build/mc_sw/appl/BAP/base/c/src/BAPHandler_PSO_ImExport.c;180
error;verification-criteria;verification criteria tag (description or <N/A>) missing for symbol -> static Std_ReturnType bapi_PSO_ImExport_putTotalNumOfParameters - (const uint16 totalNumOfParameters_u16, T_S_BapI_BAPHandlerData_PSO_ImExport_Buffers *buf_ps) function;D:/ICAS1_Repo/sw.sys.chorus_main_build/mc_sw/appl/BAP/base/c/src/BAPHandler_PSO_ImExport.c;181
warning;trace;tag @designdecision is deprecated. Use @designdecision{justficiation} for symbol -> static Std_ReturnType bapi_PSO_ImExport_putTotalNumOfParameters - (const uint16 totalNumOfParameters_u16, T_S_BapI_BAPHandlerData_PSO_ImExport_Buffers *buf_ps) function;D:/ICAS1_Repo/sw.sys.chorus_main_build/mc_sw/appl/BAP/base/c/src/BAPHandler_PSO_ImExport.c;181
error;verification-criteria;verification criteria tag (description or <N/A>) missing for symbol -> static Std_ReturnType bapi_PSO_ImExport_putArrayHeader - (const T_S_BapI_PSO_ImExport_ArrayHeader *const arrayHeader_ps, T_S_BapI_BAPHandlerData_PSO_ImExport_Buffers *buf_ps) function;D:/ICAS1_Repo/sw.sys.chorus_main_build/mc_sw/appl/BAP/base/c/src/BAPHandler_PSO_ImExport.c;182
warning;trace;tag @designdecision is deprecated. Use @designdecision{justficiation} for symbol -> static Std_ReturnType bapi_PSO_ImExport_putArrayHeader - (const T_S_BapI_PSO_ImExport_ArrayHeader *const arrayHeader_ps, T_S_BapI_BAPHandlerData_PSO_ImExport_Buffers *buf_ps) function;D:/ICAS1_Repo/sw.sys.chorus_main_build/mc_sw/appl/BAP/base/c/src/BAPHandler_PSO_ImExport.c;182
error;verification-criteria;verification criteria tag (description or <N/A>) missing for symbol -> static Std_ReturnType bapi_PSO_ImExport_calculateNumberOfElementsToSend - (T_S_BapI_PSO_ImExport_ArrayHeader *arrayHeader_ps, T_S_BapI_BAPHandlerData_PSO_ImExport_Buffers *buf_ps) function;D:/ICAS1_Repo/sw.sys.chorus_main_build/mc_sw/appl/BAP/base/c/src/BAPHandler_PSO_ImExport.c;183
warning;trace;tag @designdecision is deprecated. Use @designdecision{justficiation} for symbol -> static Std_ReturnType bapi_PSO_ImExport_calculateNumberOfElementsToSend - (T_S_BapI_PSO_ImExport_ArrayHeader *arrayHeader_ps, T_S_BapI_BAPHandlerData_PSO_ImExport_Buffers *buf_ps) function;D:/ICAS1_Repo/sw.sys.chorus_main_build/mc_sw/appl/BAP/base/c/src/BAPHandler_PSO_ImExport.c;183
error;verification-criteria;verification criteria tag (description or <N/A>) missing for symbol -> static Std_ReturnType bapi_PSO_ImExport_put_PSOData - (const uint16 psoDataElementNo_u16, const uint8 operation_u8, const T_S_BapI_PSO_ImExport_ArrayHeader *const arrayHeader_ps, T_S_BapI_BAPHandlerData_PSO_ImExport_Buffers *buf_ps) function;D:/ICAS1_Repo/sw.sys.chorus_main_build/mc_sw/appl/BAP/base/c/src/BAPHandler_PSO_ImExport.c;184
warning;trace;tag @designdecision is deprecated. Use @designdecision{justficiation} for symbol -> static Std_ReturnType bapi_PSO_ImExport_put_PSOData - (const uint16 psoDataElementNo_u16, const uint8 operation_u8, const T_S_BapI_PSO_ImExport_ArrayHeader *const arrayHeader_ps, T_S_BapI_BAPHandlerData_PSO_ImExport_Buffers *buf_ps) function;D:/ICAS1_Repo/sw.sys.chorus_main_build/mc_sw/appl/BAP/base/c/src/BAPHandler_PSO_ImExport.c;184
error;verification-criteria;verification criteria tag (description or <N/A>) missing for symbol -> static Std_ReturnType bapi_PSO_ImExport_put_PSOData_uint8 - (uint8 *bufData_pa, uint8 data_u8, uint16 *position_pu16) function;D:/ICAS1_Repo/sw.sys.chorus_main_build/mc_sw/appl/BAP/base/c/src/BAPHandler_PSO_ImExport.c;186
warning;trace;tag @designdecision is deprecated. Use @designdecision{justficiation} for symbol -> static Std_ReturnType bapi_PSO_ImExport_put_PSOData_uint8 - (uint8 *bufData_pa, uint8 data_u8, uint16 *position_pu16) function;D:/ICAS1_Repo/sw.sys.chorus_main_build/mc_sw/appl/BAP/base/c/src/BAPHandler_PSO_ImExport.c;186
error;verification-criteria;verification criteria tag (description or <N/A>) missing for symbol -> static Std_ReturnType bapi_PSO_ImExport_put_PSOData_uint32 - (uint8 *bufData_pa, uint32 data_u32, uint16 *position_pu16) function;D:/ICAS1_Repo/sw.sys.chorus_main_build/mc_sw/appl/BAP/base/c/src/BAPHandler_PSO_ImExport.c;187
warning;trace;tag @designdecision is deprecated. Use @designdecision{justficiation} for symbol -> static Std_ReturnType bapi_PSO_ImExport_put_PSOData_uint32 - (uint8 *bufData_pa, uint32 data_u32, uint16 *position_pu16) function;D:/ICAS1_Repo/sw.sys.chorus_main_build/mc_sw/appl/BAP/base/c/src/BAPHandler_PSO_ImExport.c;187
error;verification-criteria;verification criteria tag (description or <N/A>) missing for symbol -> static Std_ReturnType bapi_PSO_ImExport_sendImExportStatus - (T_S_BapI_PSO_ImExport_MsgData *msgData_ps, const T_S_BapI_PSO_ImExport_State *const state_ps, T_S_BapI_BAPHandlerData_PSO_ImExport_Data *BH_PSO_ImExport_Data_ps) function;D:/ICAS1_Repo/sw.sys.chorus_main_build/mc_sw/appl/BAP/base/c/src/BAPHandler_PSO_ImExport.c;188
warning;trace;tag @designdecision is deprecated. Use @designdecision{justficiation} for symbol -> static Std_ReturnType bapi_PSO_ImExport_sendImExportStatus - (T_S_BapI_PSO_ImExport_MsgData *msgData_ps, const T_S_BapI_PSO_ImExport_State *const state_ps, T_S_BapI_BAPHandlerData_PSO_ImExport_Data *BH_PSO_ImExport_Data_ps) function;D:/ICAS1_Repo/sw.sys.chorus_main_build/mc_sw/appl/BAP/base/c/src/BAPHandler_PSO_ImExport.c;188
error;verification-criteria;verification criteria tag (description or <N/A>) missing for symbol -> static Std_ReturnType bapi_PSO_ImExport_sendChangedArray - (const T_E_BapI_PSO_ImExport_Operation operation_e, const uint8 slot_u8, T_S_BapI_BAPHandlerData_PSO_ImExport_Data *BH_PSO_ImExport_Data_ps) function;D:/ICAS1_Repo/sw.sys.chorus_main_build/mc_sw/appl/BAP/base/c/src/BAPHandler_PSO_ImExport.c;190
warning;trace;tag @designdecision is deprecated. Use @designdecision{justficiation} for symbol -> static Std_ReturnType bapi_PSO_ImExport_sendChangedArray - (const T_E_BapI_PSO_ImExport_Operation operation_e, const uint8 slot_u8, T_S_BapI_BAPHandlerData_PSO_ImExport_Data *BH_PSO_ImExport_Data_ps) function;D:/ICAS1_Repo/sw.sys.chorus_main_build/mc_sw/appl/BAP/base/c/src/BAPHandler_PSO_ImExport.c;190
error;verification-criteria;verification criteria tag (description or <N/A>) missing for symbol -> static uint8 T_S_BapI_BAPHandlerData_PSO_ImExport_SessionIdentifier_compare - (const T_S_BapI_BAPHandlerData_PSO_ImExport_SessionIdentifier *struct_1, const T_S_BapI_BAPHandlerData_PSO_ImExport_SessionIdentifier *struct_2) function;D:/ICAS1_Repo/sw.sys.chorus_main_build/mc_sw/appl/BAP/base/c/src/BAPHandler_PSO_ImExport.c;251
warning;trace;tag @designdecision is deprecated. Use @designdecision{justficiation} for symbol -> static uint8 T_S_BapI_BAPHandlerData_PSO_ImExport_SessionIdentifier_compare - (const T_S_BapI_BAPHandlerData_PSO_ImExport_SessionIdentifier *struct_1, const T_S_BapI_BAPHandlerData_PSO_ImExport_SessionIdentifier *struct_2) function;D:/ICAS1_Repo/sw.sys.chorus_main_build/mc_sw/appl/BAP/base/c/src/BAPHandler_PSO_ImExport.c;251
error;verification-criteria;verification criteria tag (description or <N/A>) missing for symbol -> static uint8 T_S_NvM_BapHandler_PSO_Flags_compare - (const T_S_NvM_BapHandler_PSO_Flags *struct_1, const T_S_NvM_BapHandler_PSO_Flags *struct_2) function;D:/ICAS1_Repo/sw.sys.chorus_main_build/mc_sw/appl/BAP/base/c/src/BAPHandler_PSO_ImExport.c;302
warning;trace;tag @designdecision is deprecated. Use @designdecision{justficiation} for symbol -> static uint8 T_S_NvM_BapHandler_PSO_Flags_compare - (const T_S_NvM_BapHandler_PSO_Flags *struct_1, const T_S_NvM_BapHandler_PSO_Flags *struct_2) function;D:/ICAS1_Repo/sw.sys.chorus_main_build/mc_sw/appl/BAP/base/c/src/BAPHandler_PSO_ImExport.c;302
error;verification-criteria;verification criteria tag (description or <N/A>) missing for symbol -> static Std_ReturnType bapi_PSO_ImExport_prepareMessageHeaders - (T_S_BapI_BAPHandlerData_PSO_ImExport_Buffers *buf_ps, T_S_BapI_PSO_ImExport_MsgData *msgData_ps, const T_S_BapI_PSO_ImExport_State *const state_ps) function;D:/ICAS1_Repo/sw.sys.chorus_main_build/mc_sw/appl/BAP/base/c/src/BAPHandler_PSO_ImExport.c;349
warning;trace;tag @designdecision is deprecated. Use @designdecision{justficiation} for symbol -> static Std_ReturnType bapi_PSO_ImExport_prepareMessageHeaders - (T_S_BapI_BAPHandlerData_PSO_ImExport_Buffers *buf_ps, T_S_BapI_PSO_ImExport_MsgData *msgData_ps, const T_S_BapI_PSO_ImExport_State *const state_ps) function;D:/ICAS1_Repo/sw.sys.chorus_main_build/mc_sw/appl/BAP/base/c/src/BAPHandler_PSO_ImExport.c;349
error;verification-criteria;verification criteria tag (description or <N/A>) missing for symbol -> static Std_ReturnType bapi_PSO_ImExport_readHeadersData - (const uint8 *data_pu8, const uint16 dataLen_u16, T_S_BapI_PSO_ImExport_MsgData *msgData_s) function;D:/ICAS1_Repo/sw.sys.chorus_main_build/mc_sw/appl/BAP/base/c/src/BAPHandler_PSO_ImExport.c;394
warning;trace;tag @designdecision is deprecated. Use @designdecision{justficiation} for symbol -> static Std_ReturnType bapi_PSO_ImExport_readHeadersData - (const uint8 *data_pu8, const uint16 dataLen_u16, T_S_BapI_PSO_ImExport_MsgData *msgData_s) function;D:/ICAS1_Repo/sw.sys.chorus_main_build/mc_sw/appl/BAP/base/c/src/BAPHandler_PSO_ImExport.c;394
error;verification-criteria;verification criteria tag (description or <N/A>) missing for symbol -> static Std_ReturnType bapi_PSO_ImExport_updateSessionState - (T_S_BapI_BAPHandlerData_PSO_ImExport_Data *BH_PSO_ImExport_Data_ps, T_S_BapI_PSO_ImExport_IndicationHeader *indicationHeader_ps, T_S_BapI_BAPHandlerData_PSO_ImExport_Buffers *buf_ps, uint16 *psoDataElementStartEnd_u16, T_S_BapI_PSO_ImExport_ArrayHeader *arrayHeader_ps) function;D:/ICAS1_Repo/sw.sys.chorus_main_build/mc_sw/appl/BAP/base/c/src/BAPHandler_PSO_ImExport.c;455
warning;trace;tag @designdecision is deprecated. Use @designdecision{justficiation} for symbol -> static Std_ReturnType bapi_PSO_ImExport_updateSessionState - (T_S_BapI_BAPHandlerData_PSO_ImExport_Data *BH_PSO_ImExport_Data_ps, T_S_BapI_PSO_ImExport_IndicationHeader *indicationHeader_ps, T_S_BapI_BAPHandlerData_PSO_ImExport_Buffers *buf_ps, uint16 *psoDataElementStartEnd_u16, T_S_BapI_PSO_ImExport_ArrayHeader *arrayHeader_ps) function;D:/ICAS1_Repo/sw.sys.chorus_main_build/mc_sw/appl/BAP/base/c/src/BAPHandler_PSO_ImExport.c;455
error;verification-criteria;verification criteria tag (description or <N/A>) missing for symbol -> static Std_ReturnType bapi_PSO_ImExport_exportCleanUp - (T_S_BapI_PSO_ImExport_MsgData *msgData_ps, T_S_BapI_BAPHandlerData_PSO_ImExport_Data *BH_PSO_ImExport_Data_ps, uint8 slot_u8) function;D:/ICAS1_Repo/sw.sys.chorus_main_build/mc_sw/appl/BAP/base/c/src/BAPHandler_PSO_ImExport.c;502
error;verification-criteria;verification criteria tag (description or <N/A>) missing for symbol -> Std_ReturnType bapi_Handle_PSO_ImExport_prepareData - (T_S_BapI_BAPHandlerData_PSO_ImExport_Data *pso_ps, T_S_BapI_BAPHandlerData_PSO_ImExport_PSOUser *PSOUserBH_ps, T_S_BapI_BAPHandlerData_PSO_ImExport_ParameterMap *psoParameterMap_pa, const uint8 psoParameterMapLength_u8, T_S_NvM_BapHandler_PSO_ImExport *NvM_PSO_properties_pa, const T_S_NvM_BapHandler_PSO_ImExport *NvM_PSO_properties_default_pa, T_S_BapI_PSO_ImExport_PSO_Data *psoData_pa, uint8 *data_pa, const uint16 dataLength_u16, const T_S_BapI_BAPHandlerData_PSO_ImExport_Functions *f_ps) function;D:/ICAS1_Repo/sw.sys.chorus_main_build/mc_sw/appl/BAP/base/c/src/BAPHandler_PSO_ImExport.c;504
error;verification-criteria;verification criteria tag (description or <N/A>) missing for symbol -> Std_ReturnType bapi_Handle_PSO_ImExport - (const BapIndication_et indType, const uint8 *data_pu8, const uint16 dataLen_u16, T_S_BapI_BAPHandlerData_PSO_ImExport_Data *BH_PSO_ImExport_Data_ps) function;D:/ICAS1_Repo/sw.sys.chorus_main_build/mc_sw/appl/BAP/base/c/src/BAPHandler_PSO_ImExport.c;770
error;return;return value not described for symbol -> Std_ReturnType bapi_PSO_ImExport_processPSOverification - (T_S_BapI_BAPHandlerData_PSO_ImExport_Data *BH_PSO_ImExport_Data_ps);D:/ICAS1_Repo/sw.sys.chorus_main_build/mc_sw/appl/BAP/base/c/src/BAPHandler_PSO_ImExport.c;868
error;security;security rating missing for symbol -> Std_ReturnType bapi_PSO_ImExport_processPSOverification - (T_S_BapI_BAPHandlerData_PSO_ImExport_Data *BH_PSO_ImExport_Data_ps) function;D:/ICAS1_Repo/sw.sys.chorus_main_build/mc_sw/appl/BAP/base/c/src/BAPHandler_PSO_ImExport.c;868
error;verification-criteria;verification criteria tag (description or <N/A>) missing for symbol -> Std_ReturnType bapi_PSO_ImExport_processPSOverification - (T_S_BapI_BAPHandlerData_PSO_ImExport_Data *BH_PSO_ImExport_Data_ps) function;D:/ICAS1_Repo/sw.sys.chorus_main_build/mc_sw/appl/BAP/base/c/src/BAPHandler_PSO_ImExport.c;868
error;trace;satisfy or design decision tag missing for symbol -> Std_ReturnType bapi_PSO_ImExport_processPSOverification - (T_S_BapI_BAPHandlerData_PSO_ImExport_Data *BH_PSO_ImExport_Data_ps)function;D:/ICAS1_Repo/sw.sys.chorus_main_build/mc_sw/appl/BAP/base/c/src/BAPHandler_PSO_ImExport.c;868
error;test;No test cases linked or code review tag missing for symbol -> Std_ReturnType bapi_PSO_ImExport_processPSOverification - (T_S_BapI_BAPHandlerData_PSO_ImExport_Data *BH_PSO_ImExport_Data_ps) function;D:/ICAS1_Repo/sw.sys.chorus_main_build/mc_sw/appl/BAP/base/c/src/BAPHandler_PSO_ImExport.c;868
error;verification-criteria;verification criteria tag (description or <N/A>) missing for symbol -> Std_ReturnType bapi_BAPHandler_PSOUser_UpdateActiveUser - (T_S_BapI_BAPHandlerData_PSO_ImExport_Data *BH_PSO_ImExport_Data_ps) function;D:/ICAS1_Repo/sw.sys.chorus_main_build/mc_sw/appl/BAP/base/c/src/BAPHandler_PSO_ImExport.c;1309
error;verification-criteria;verification criteria tag (description or <N/A>) missing for symbol -> Std_ReturnType bapi_PSO_ImExport_synchronizePSO_SlotData - (T_S_BapI_BAPHandlerData_PSO_ImExport_PSOParameter *psoParam_ps, const uint8 targetSlot_u8) function;D:/ICAS1_Repo/sw.sys.chorus_main_build/mc_sw/appl/BAP/base/c/src/BAPHandler_PSO_ImExport.c;3954
warning;trace;tag @designdecision is deprecated. Use @designdecision{justficiation} for symbol -> Std_ReturnType bapi_PSO_ImExport_synchronizePSO_SlotData - (T_S_BapI_BAPHandlerData_PSO_ImExport_PSOParameter *psoParam_ps, const uint8 targetSlot_u8) function;D:/ICAS1_Repo/sw.sys.chorus_main_build/mc_sw/appl/BAP/base/c/src/BAPHandler_PSO_ImExport.c;3954
error;verification-criteria;verification criteria tag (description or <N/A>) missing for symbol -> Std_ReturnType bapi_Handle_PSO_ImExport_prepareData - (T_S_BapI_BAPHandlerData_PSO_ImExport_Data *pso_ps, T_S_BapI_BAPHandlerData_PSO_ImExport_PSOUser *PSOUserBH_ps, T_S_BapI_BAPHandlerData_PSO_ImExport_ParameterMap *psoParameterMap_pa, const uint8 psoParameterMapLength_u8, T_S_NvM_BapHandler_PSO_ImExport *NvM_PSO_properties_pa, const T_S_NvM_BapHandler_PSO_ImExport *NvM_PSO_properties_default_pa, T_S_BapI_PSO_ImExport_PSO_Data *psoData_pa, uint8 *data_pa, const uint16 dataLength_u16, const T_S_BapI_BAPHandlerData_PSO_ImExport_Functions *f_ps) function;D:/ICAS1_Repo/sw.sys.chorus_main_build/mc_sw/appl/BAP/base/c/inc/BAPHandler_PSO_ImExport.h;1144
error;verification-criteria;verification criteria tag (description or <N/A>) missing for symbol -> Std_ReturnType bapi_Handle_PSO_ImExport - (const BapIndication_et indType, const uint8 *data_pu8, const uint16 dataLen_u16, T_S_BapI_BAPHandlerData_PSO_ImExport_Data *BH_PSO_ImExport_Data_ps) function;D:/ICAS1_Repo/sw.sys.chorus_main_build/mc_sw/appl/BAP/base/c/inc/BAPHandler_PSO_ImExport.h;1276
error;return;return value not described for symbol -> Std_ReturnType bapi_PSO_ImExport_processPSOverification - (T_S_BapI_BAPHandlerData_PSO_ImExport_Data *BH_PSO_ImExport_Data_ps);D:/ICAS1_Repo/sw.sys.chorus_main_build/mc_sw/appl/BAP/base/c/inc/BAPHandler_PSO_ImExport.h;1351
error;security;security rating missing for symbol -> Std_ReturnType bapi_PSO_ImExport_processPSOverification - (T_S_BapI_BAPHandlerData_PSO_ImExport_Data *BH_PSO_ImExport_Data_ps) function;D:/ICAS1_Repo/sw.sys.chorus_main_build/mc_sw/appl/BAP/base/c/inc/BAPHandler_PSO_ImExport.h;1351
error;verification-criteria;verification criteria tag (description or <N/A>) missing for symbol -> Std_ReturnType bapi_PSO_ImExport_processPSOverification - (T_S_BapI_BAPHandlerData_PSO_ImExport_Data *BH_PSO_ImExport_Data_ps) function;D:/ICAS1_Repo/sw.sys.chorus_main_build/mc_sw/appl/BAP/base/c/inc/BAPHandler_PSO_ImExport.h;1351
error;trace;satisfy or design decision tag missing for symbol -> Std_ReturnType bapi_PSO_ImExport_processPSOverification - (T_S_BapI_BAPHandlerData_PSO_ImExport_Data *BH_PSO_ImExport_Data_ps)function;D:/ICAS1_Repo/sw.sys.chorus_main_build/mc_sw/appl/BAP/base/c/inc/BAPHandler_PSO_ImExport.h;1351
error;test;No test cases linked or code review tag missing for symbol -> Std_ReturnType bapi_PSO_ImExport_processPSOverification - (T_S_BapI_BAPHandlerData_PSO_ImExport_Data *BH_PSO_ImExport_Data_ps) function;D:/ICAS1_Repo/sw.sys.chorus_main_build/mc_sw/appl/BAP/base/c/inc/BAPHandler_PSO_ImExport.h;1351
error;verification-criteria;verification criteria tag (description or <N/A>) missing for symbol -> Std_ReturnType bapi_BAPHandler_PSOUser_UpdateActiveUser - (T_S_BapI_BAPHandlerData_PSO_ImExport_Data *BH_PSO_ImExport_Data_ps) function;D:/ICAS1_Repo/sw.sys.chorus_main_build/mc_sw/appl/BAP/base/c/inc/BAPHandler_PSO_ImExport.h;1441
error;verification-criteria;verification criteria tag (description or <N/A>) missing for symbol -> Std_ReturnType bapi_PSO_ImExport_synchronizePSO_SlotData - (T_S_BapI_BAPHandlerData_PSO_ImExport_PSOParameter *psoParam_ps, const uint8 targetSlot_u8) function;D:/ICAS1_Repo/sw.sys.chorus_main_build/mc_sw/appl/BAP/base/c/inc/BAPHandler_PSO_ImExport.h;1503
warning;trace;tag @designdecision is deprecated. Use @designdecision{justficiation} for symbol -> Std_ReturnType bapi_PSO_ImExport_synchronizePSO_SlotData - (T_S_BapI_BAPHandlerData_PSO_ImExport_PSOParameter *psoParam_ps, const uint8 targetSlot_u8) function;D:/ICAS1_Repo/sw.sys.chorus_main_build/mc_sw/appl/BAP/base/c/inc/BAPHandler_PSO_ImExport.h;1503
error;verification-criteria;verification criteria tag (description or <N/A>) missing for symbol -> void BAPHandler_memset - (void *dst_p, uint8 val, uint32 num_u32) function;D:/ICAS1_Repo/sw.sys.chorus_main_build/mc_sw/appl/BAP/base/c/src/BAPHandler_UtilityLib.c;71
warning;trace;tag @designdecision is deprecated. Use @designdecision{justficiation} for symbol -> void BAPHandler_memset - (void *dst_p, uint8 val, uint32 num_u32) function;D:/ICAS1_Repo/sw.sys.chorus_main_build/mc_sw/appl/BAP/base/c/src/BAPHandler_UtilityLib.c;71
error;verification-criteria;verification criteria tag (description or <N/A>) missing for symbol -> void setBitFnList - (uint8 *data_pu8, uint8 len_u8, uint8 bit_u8, boolean value_b) function;D:/ICAS1_Repo/sw.sys.chorus_main_build/mc_sw/appl/BAP/base/c/src/BAPHandler_UtilityLib.c;91
warning;trace;tag @designdecision is deprecated. Use @designdecision{justficiation} for symbol -> void setBitFnList - (uint8 *data_pu8, uint8 len_u8, uint8 bit_u8, boolean value_b) function;D:/ICAS1_Repo/sw.sys.chorus_main_build/mc_sw/appl/BAP/base/c/src/BAPHandler_UtilityLib.c;91
error;verification-criteria;verification criteria tag (description or <N/A>) missing for symbol -> boolean getBitFnList - (uint8 *data_pu8, uint8 len_u8, uint8 bit_u8) function;D:/ICAS1_Repo/sw.sys.chorus_main_build/mc_sw/appl/BAP/base/c/src/BAPHandler_UtilityLib.c;119
warning;trace;tag @designdecision is deprecated. Use @designdecision{justficiation} for symbol -> boolean getBitFnList - (uint8 *data_pu8, uint8 len_u8, uint8 bit_u8) function;D:/ICAS1_Repo/sw.sys.chorus_main_build/mc_sw/appl/BAP/base/c/src/BAPHandler_UtilityLib.c;119
error;verification-criteria;verification criteria tag (description or <N/A>) missing for symbol -> void setBit - (uint8 *byte_pu8, uint8 bitNumber_u8, boolean value_b) function;D:/ICAS1_Repo/sw.sys.chorus_main_build/mc_sw/appl/BAP/base/c/src/BAPHandler_UtilityLib.c;143
warning;trace;tag @designdecision is deprecated. Use @designdecision{justficiation} for symbol -> void setBit - (uint8 *byte_pu8, uint8 bitNumber_u8, boolean value_b) function;D:/ICAS1_Repo/sw.sys.chorus_main_build/mc_sw/appl/BAP/base/c/src/BAPHandler_UtilityLib.c;143
error;verification-criteria;verification criteria tag (description or <N/A>) missing for symbol -> boolean getBit - (uint8 byte_u8, uint8 bitPos_u8) function;D:/ICAS1_Repo/sw.sys.chorus_main_build/mc_sw/appl/BAP/base/c/src/BAPHandler_UtilityLib.c;161
warning;trace;tag @designdecision is deprecated. Use @designdecision{justficiation} for symbol -> boolean getBit - (uint8 byte_u8, uint8 bitPos_u8) function;D:/ICAS1_Repo/sw.sys.chorus_main_build/mc_sw/appl/BAP/base/c/src/BAPHandler_UtilityLib.c;161
error;verification-criteria;verification criteria tag (description or <N/A>) missing for symbol -> void setLowerNibble - (uint8 *byte_pu8, uint8 value_u8) function;D:/ICAS1_Repo/sw.sys.chorus_main_build/mc_sw/appl/BAP/base/c/src/BAPHandler_UtilityLib.c;167
warning;trace;tag @designdecision is deprecated. Use @designdecision{justficiation} for symbol -> void setLowerNibble - (uint8 *byte_pu8, uint8 value_u8) function;D:/ICAS1_Repo/sw.sys.chorus_main_build/mc_sw/appl/BAP/base/c/src/BAPHandler_UtilityLib.c;167
error;verification-criteria;verification criteria tag (description or <N/A>) missing for symbol -> void setUpperNibble - (uint8 *byte_pu8, uint8 value_u8) function;D:/ICAS1_Repo/sw.sys.chorus_main_build/mc_sw/appl/BAP/base/c/src/BAPHandler_UtilityLib.c;178
warning;trace;tag @designdecision is deprecated. Use @designdecision{justficiation} for symbol -> void setUpperNibble - (uint8 *byte_pu8, uint8 value_u8) function;D:/ICAS1_Repo/sw.sys.chorus_main_build/mc_sw/appl/BAP/base/c/src/BAPHandler_UtilityLib.c;178
error;verification-criteria;verification criteria tag (description or <N/A>) missing for symbol -> uint8 getLowerNibble - (uint8 byte_u8) function;D:/ICAS1_Repo/sw.sys.chorus_main_build/mc_sw/appl/BAP/base/c/src/BAPHandler_UtilityLib.c;189
warning;trace;tag @designdecision is deprecated. Use @designdecision{justficiation} for symbol -> uint8 getLowerNibble - (uint8 byte_u8) function;D:/ICAS1_Repo/sw.sys.chorus_main_build/mc_sw/appl/BAP/base/c/src/BAPHandler_UtilityLib.c;189
error;verification-criteria;verification criteria tag (description or <N/A>) missing for symbol -> uint8 getUpperNibble - (uint8 byte_u8) function;D:/ICAS1_Repo/sw.sys.chorus_main_build/mc_sw/appl/BAP/base/c/src/BAPHandler_UtilityLib.c;195
warning;trace;tag @designdecision is deprecated. Use @designdecision{justficiation} for symbol -> uint8 getUpperNibble - (uint8 byte_u8) function;D:/ICAS1_Repo/sw.sys.chorus_main_build/mc_sw/appl/BAP/base/c/src/BAPHandler_UtilityLib.c;195
error;verification-criteria;verification criteria tag (description or <N/A>) missing for symbol -> void BAPHandler_memset - (void *dst_p, uint8 val, uint32 num_u32) function;D:/ICAS1_Repo/sw.sys.chorus_main_build/mc_sw/appl/BAP/base/c/inc/BAPHandler_UtilityLib.h;306
warning;trace;tag @designdecision is deprecated. Use @designdecision{justficiation} for symbol -> void BAPHandler_memset - (void *dst_p, uint8 val, uint32 num_u32) function;D:/ICAS1_Repo/sw.sys.chorus_main_build/mc_sw/appl/BAP/base/c/inc/BAPHandler_UtilityLib.h;306
error;verification-criteria;verification criteria tag (description or <N/A>) missing for symbol -> void setBitFnList - (uint8 *data_pu8, uint8 len_u8, uint8 bit_u8, boolean value_b) function;D:/ICAS1_Repo/sw.sys.chorus_main_build/mc_sw/appl/BAP/base/c/inc/BAPHandler_UtilityLib.h;372
warning;trace;tag @designdecision is deprecated. Use @designdecision{justficiation} for symbol -> void setBitFnList - (uint8 *data_pu8, uint8 len_u8, uint8 bit_u8, boolean value_b) function;D:/ICAS1_Repo/sw.sys.chorus_main_build/mc_sw/appl/BAP/base/c/inc/BAPHandler_UtilityLib.h;372
error;verification-criteria;verification criteria tag (description or <N/A>) missing for symbol -> boolean getBitFnList - (uint8 *data_pu8, uint8 len_u8, uint8 bit_u8) function;D:/ICAS1_Repo/sw.sys.chorus_main_build/mc_sw/appl/BAP/base/c/inc/BAPHandler_UtilityLib.h;433
warning;trace;tag @designdecision is deprecated. Use @designdecision{justficiation} for symbol -> boolean getBitFnList - (uint8 *data_pu8, uint8 len_u8, uint8 bit_u8) function;D:/ICAS1_Repo/sw.sys.chorus_main_build/mc_sw/appl/BAP/base/c/inc/BAPHandler_UtilityLib.h;433
error;verification-criteria;verification criteria tag (description or <N/A>) missing for symbol -> void setBit - (uint8 *byte_pu8, uint8 bitNumber_u8, boolean value_b) function;D:/ICAS1_Repo/sw.sys.chorus_main_build/mc_sw/appl/BAP/base/c/inc/BAPHandler_UtilityLib.h;495
warning;trace;tag @designdecision is deprecated. Use @designdecision{justficiation} for symbol -> void setBit - (uint8 *byte_pu8, uint8 bitNumber_u8, boolean value_b) function;D:/ICAS1_Repo/sw.sys.chorus_main_build/mc_sw/appl/BAP/base/c/inc/BAPHandler_UtilityLib.h;495
error;verification-criteria;verification criteria tag (description or <N/A>) missing for symbol -> boolean getBit - (uint8 byte_u8, uint8 bitPos_u8) function;D:/ICAS1_Repo/sw.sys.chorus_main_build/mc_sw/appl/BAP/base/c/inc/BAPHandler_UtilityLib.h;543
warning;trace;tag @designdecision is deprecated. Use @designdecision{justficiation} for symbol -> boolean getBit - (uint8 byte_u8, uint8 bitPos_u8) function;D:/ICAS1_Repo/sw.sys.chorus_main_build/mc_sw/appl/BAP/base/c/inc/BAPHandler_UtilityLib.h;543
error;verification-criteria;verification criteria tag (description or <N/A>) missing for symbol -> void setLowerNibble - (uint8 *byte_pu8, uint8 value_u8) function;D:/ICAS1_Repo/sw.sys.chorus_main_build/mc_sw/appl/BAP/base/c/inc/BAPHandler_UtilityLib.h;599
warning;trace;tag @designdecision is deprecated. Use @designdecision{justficiation} for symbol -> void setLowerNibble - (uint8 *byte_pu8, uint8 value_u8) function;D:/ICAS1_Repo/sw.sys.chorus_main_build/mc_sw/appl/BAP/base/c/inc/BAPHandler_UtilityLib.h;599
error;verification-criteria;verification criteria tag (description or <N/A>) missing for symbol -> void setUpperNibble - (uint8 *byte_pu8, uint8 value_u8) function;D:/ICAS1_Repo/sw.sys.chorus_main_build/mc_sw/appl/BAP/base/c/inc/BAPHandler_UtilityLib.h;655
warning;trace;tag @designdecision is deprecated. Use @designdecision{justficiation} for symbol -> void setUpperNibble - (uint8 *byte_pu8, uint8 value_u8) function;D:/ICAS1_Repo/sw.sys.chorus_main_build/mc_sw/appl/BAP/base/c/inc/BAPHandler_UtilityLib.h;655
error;verification-criteria;verification criteria tag (description or <N/A>) missing for symbol -> uint8 getLowerNibble - (uint8 byte_u8) function;D:/ICAS1_Repo/sw.sys.chorus_main_build/mc_sw/appl/BAP/base/c/inc/BAPHandler_UtilityLib.h;703
warning;trace;tag @designdecision is deprecated. Use @designdecision{justficiation} for symbol -> uint8 getLowerNibble - (uint8 byte_u8) function;D:/ICAS1_Repo/sw.sys.chorus_main_build/mc_sw/appl/BAP/base/c/inc/BAPHandler_UtilityLib.h;703
error;verification-criteria;verification criteria tag (description or <N/A>) missing for symbol -> uint8 getUpperNibble - (uint8 byte_u8) function;D:/ICAS1_Repo/sw.sys.chorus_main_build/mc_sw/appl/BAP/base/c/inc/BAPHandler_UtilityLib.h;751
warning;trace;tag @designdecision is deprecated. Use @designdecision{justficiation} for symbol -> uint8 getUpperNibble - (uint8 byte_u8) function;D:/ICAS1_Repo/sw.sys.chorus_main_build/mc_sw/appl/BAP/base/c/inc/BAPHandler_UtilityLib.h;751
